impression_id,anonymous_id,item_id,position,retrieval_score,served_at,label
c85aa7d3-2d6f-4efb-876d-a146546d3203,anon_123,N_TEST_2,1,0.81,2026-01-26 04:36:00.358144+00:00,1
c85aa7d3-2d6f-4efb-876d-a146546d3203,anon_123,N_TEST_1,2,0.77,2026-01-26 04:36:00.358144+00:00,0
c85aa7d3-2d6f-4efb-876d-a146546d3203,anon_123,N_TEST_3,3,0.75,2026-01-26 04:36:00.358144+00:00,0
b4f062fd-01af-4bb7-8433-d38627579992,anon_123,N_TEST_2,1,0.81,2026-01-26 04:38:15.129481+00:00,1
b4f062fd-01af-4bb7-8433-d38627579992,anon_123,N_TEST_1,2,0.77,2026-01-26 04:38:15.129481+00:00,0
b4f062fd-01af-4bb7-8433-d38627579992,anon_123,N_TEST_3,3,0.75,2026-01-26 04:38:15.129481+00:00,0
2290b07a-d65f-4f76-8797-a0b1a15802ad,anon_123,N_TEST_2,1,0.81,2026-01-26 04:40:02.847545+00:00,1
2290b07a-d65f-4f76-8797-a0b1a15802ad,anon_123,N_TEST_1,2,0.77,2026-01-26 04:40:02.847545+00:00,0
2290b07a-d65f-4f76-8797-a0b1a15802ad,anon_123,N_TEST_3,3,0.75,2026-01-26 04:40:02.847545+00:00,0
242c7f20-fe13-4d42-9044-28d9dbfc2480,anon_123,N_TEST_2,1,0.81,2026-01-26 04:40:24.054178+00:00,1
242c7f20-fe13-4d42-9044-28d9dbfc2480,anon_123,N_TEST_1,2,0.77,2026-01-26 04:40:24.054178+00:00,0
242c7f20-fe13-4d42-9044-28d9dbfc2480,anon_123,N_TEST_3,3,0.75,2026-01-26 04:40:24.054178+00:00,0
54ba9b1b-559c-4b26-95ed-c4b8d6712724,anon_123,N_TEST_2,1,0.81,2026-01-26 04:40:29.954013+00:00,1
54ba9b1b-559c-4b26-95ed-c4b8d6712724,anon_123,N_TEST_1,2,0.77,2026-01-26 04:40:29.954013+00:00,0
54ba9b1b-559c-4b26-95ed-c4b8d6712724,anon_123,N_TEST_3,3,0.75,2026-01-26 04:40:29.954013+00:00,0
6dacd3f8-4482-4482-bd0d-b2938a0dbeed,anon_123,N_TEST_2,1,0.81,2026-01-26 04:42:32.012904+00:00,1
6dacd3f8-4482-4482-bd0d-b2938a0dbeed,anon_123,N_TEST_1,2,0.77,2026-01-26 04:42:32.012904+00:00,0
6dacd3f8-4482-4482-bd0d-b2938a0dbeed,anon_123,N_TEST_3,3,0.75,2026-01-26 04:42:32.012904+00:00,0
b014a22b-004e-4282-b67a-6709aca38c7d,anon_test_001,N_TEST_1,1,1.0,2026-01-26 17:19:56.575076+00:00,0
b014a22b-004e-4282-b67a-6709aca38c7d,anon_test_001,N_TEST_2,2,0.5,2026-01-26 17:19:56.575076+00:00,0
b014a22b-004e-4282-b67a-6709aca38c7d,anon_test_001,N_TEST_3,3,0.33333334,2026-01-26 17:19:56.575076+00:00,0
331f2223-8374-486f-a865-6648608e0510,anon_test_001,N_TEST_1,1,1.0,2026-01-26 17:19:59.927658+00:00,0
331f2223-8374-486f-a865-6648608e0510,anon_test_001,N_TEST_2,2,0.5,2026-01-26 17:19:59.927658+00:00,0
331f2223-8374-486f-a865-6648608e0510,anon_test_001,N_TEST_3,3,0.33333334,2026-01-26 17:19:59.927658+00:00,0
f3a3a359-bf07-4da9-a823-3db7e8a4688a,anon_test_001,N_TEST_1,1,1.0,2026-01-26 17:20:01.142534+00:00,0
f3a3a359-bf07-4da9-a823-3db7e8a4688a,anon_test_001,N_TEST_2,2,0.5,2026-01-26 17:20:01.142534+00:00,0
f3a3a359-bf07-4da9-a823-3db7e8a4688a,anon_test_001,N_TEST_3,3,0.33333334,2026-01-26 17:20:01.142534+00:00,0
620abf04-dcd7-479a-af51-c0def58a3bac,anon_test_001,N_TEST_1,1,1.0,2026-01-26 17:20:01.790934+00:00,0
620abf04-dcd7-479a-af51-c0def58a3bac,anon_test_001,N_TEST_2,2,0.5,2026-01-26 17:20:01.790934+00:00,0
620abf04-dcd7-479a-af51-c0def58a3bac,anon_test_001,N_TEST_3,3,0.33333334,2026-01-26 17:20:01.790934+00:00,0
3ccb3221-27ab-4b0d-9ae2-00ed3b03f37b,anon_test_001,N_TEST_1,1,1.0,2026-01-26 17:20:02.381618+00:00,0
3ccb3221-27ab-4b0d-9ae2-00ed3b03f37b,anon_test_001,N_TEST_2,2,0.5,2026-01-26 17:20:02.381618+00:00,0
3ccb3221-27ab-4b0d-9ae2-00ed3b03f37b,anon_test_001,N_TEST_3,3,0.33333334,2026-01-26 17:20:02.381618+00:00,0
e7d02060-dba0-4d60-bb85-ec632ab565e1,anon_test_001,N_TEST_1,1,1.0,2026-01-26 17:20:59.383782+00:00,0
e7d02060-dba0-4d60-bb85-ec632ab565e1,anon_test_001,N_TEST_2,2,0.5,2026-01-26 17:20:59.383782+00:00,0
e7d02060-dba0-4d60-bb85-ec632ab565e1,anon_test_001,N_TEST_3,3,0.33333334,2026-01-26 17:20:59.383782+00:00,0
b77a37f0-4380-4838-87f4-d589747525ab,anon_test_001,N_TEST_1,1,1.0,2026-01-26 17:45:54.426357+00:00,0
b77a37f0-4380-4838-87f4-d589747525ab,anon_test_001,N_TEST_2,2,0.5,2026-01-26 17:45:54.426357+00:00,1
b77a37f0-4380-4838-87f4-d589747525ab,anon_test_001,N_TEST_3,3,0.33333334,2026-01-26 17:45:54.426357+00:00,0
8037b37a-29bd-41d3-8a78-4181fa068a5f,anon_real_001,N35248,1,1.0,2026-01-27 04:00:43.088909+00:00,1
8037b37a-29bd-41d3-8a78-4181fa068a5f,anon_real_001,N44570,2,0.5,2026-01-27 04:00:43.088909+00:00,1
8037b37a-29bd-41d3-8a78-4181fa068a5f,anon_real_001,N100470,3,0.33333334,2026-01-27 04:00:43.088909+00:00,1
8037b37a-29bd-41d3-8a78-4181fa068a5f,anon_real_001,N59747,4,0.25,2026-01-27 04:00:43.088909+00:00,1
8037b37a-29bd-41d3-8a78-4181fa068a5f,anon_real_001,N32088,5,0.2,2026-01-27 04:00:43.088909+00:00,1
8037b37a-29bd-41d3-8a78-4181fa068a5f,anon_real_001,N31474,6,0.16666667,2026-01-27 04:00:43.088909+00:00,0
8037b37a-29bd-41d3-8a78-4181fa068a5f,anon_real_001,N86479,7,0.14285715,2026-01-27 04:00:43.088909+00:00,0
8037b37a-29bd-41d3-8a78-4181fa068a5f,anon_real_001,N58836,8,0.125,2026-01-27 04:00:43.088909+00:00,0
8037b37a-29bd-41d3-8a78-4181fa068a5f,anon_real_001,N84004,9,0.11111111,2026-01-27 04:00:43.088909+00:00,0
8037b37a-29bd-41d3-8a78-4181fa068a5f,anon_real_001,N22139,10,0.1,2026-01-27 04:00:43.088909+00:00,0
1fd0e8c4-8c1c-4fd1-aa1d-96fd55519008,anon_real_001,N30706,1,1.0,2026-01-27 04:29:10.443042+00:00,0
1fd0e8c4-8c1c-4fd1-aa1d-96fd55519008,anon_real_001,N73498,2,0.5,2026-01-27 04:29:10.443042+00:00,0
1fd0e8c4-8c1c-4fd1-aa1d-96fd55519008,anon_real_001,N6371,3,0.33333334,2026-01-27 04:29:10.443042+00:00,0
1fd0e8c4-8c1c-4fd1-aa1d-96fd55519008,anon_real_001,N22284,4,0.25,2026-01-27 04:29:10.443042+00:00,0
1fd0e8c4-8c1c-4fd1-aa1d-96fd55519008,anon_real_001,N57838,5,0.2,2026-01-27 04:29:10.443042+00:00,0
1fd0e8c4-8c1c-4fd1-aa1d-96fd55519008,anon_real_001,N89236,6,0.16666667,2026-01-27 04:29:10.443042+00:00,0
1fd0e8c4-8c1c-4fd1-aa1d-96fd55519008,anon_real_001,N119358,7,0.14285715,2026-01-27 04:29:10.443042+00:00,0
1fd0e8c4-8c1c-4fd1-aa1d-96fd55519008,anon_real_001,N38908,8,0.125,2026-01-27 04:29:10.443042+00:00,0
1fd0e8c4-8c1c-4fd1-aa1d-96fd55519008,anon_real_001,N110783,9,0.11111111,2026-01-27 04:29:10.443042+00:00,0
1fd0e8c4-8c1c-4fd1-aa1d-96fd55519008,anon_real_001,N8082,10,0.1,2026-01-27 04:29:10.443042+00:00,0
79cc78c5-be82-4a0a-af95-f3c7f65026eb,anon_real_001,N30706,1,0.6729821,2026-01-27 18:12:43.369746+00:00,0
79cc78c5-be82-4a0a-af95-f3c7f65026eb,anon_real_001,N73498,2,0.62650704,2026-01-27 18:12:43.369746+00:00,0
79cc78c5-be82-4a0a-af95-f3c7f65026eb,anon_real_001,N6371,3,0.6261518,2026-01-27 18:12:43.369746+00:00,0
79cc78c5-be82-4a0a-af95-f3c7f65026eb,anon_real_001,N22284,4,0.6180977,2026-01-27 18:12:43.369746+00:00,0
79cc78c5-be82-4a0a-af95-f3c7f65026eb,anon_real_001,N57838,5,0.6178651,2026-01-27 18:12:43.369746+00:00,0
79cc78c5-be82-4a0a-af95-f3c7f65026eb,anon_real_001,N89236,6,0.6150154,2026-01-27 18:12:43.369746+00:00,0
79cc78c5-be82-4a0a-af95-f3c7f65026eb,anon_real_001,N119358,7,0.60865366,2026-01-27 18:12:43.369746+00:00,0
79cc78c5-be82-4a0a-af95-f3c7f65026eb,anon_real_001,N38908,8,0.6063535,2026-01-27 18:12:43.369746+00:00,0
79cc78c5-be82-4a0a-af95-f3c7f65026eb,anon_real_001,N110783,9,0.601603,2026-01-27 18:12:43.369746+00:00,0
79cc78c5-be82-4a0a-af95-f3c7f65026eb,anon_real_001,N8082,10,0.5949148,2026-01-27 18:12:43.369746+00:00,0
11ca5111-5421-4e5f-b644-72e12f559da2,anon_real_001,N30706,1,0.6729821,2026-01-27 18:17:12.872722+00:00,0
11ca5111-5421-4e5f-b644-72e12f559da2,anon_real_001,N73498,2,0.62650704,2026-01-27 18:17:12.872722+00:00,0
11ca5111-5421-4e5f-b644-72e12f559da2,anon_real_001,N6371,3,0.6261518,2026-01-27 18:17:12.872722+00:00,0
11ca5111-5421-4e5f-b644-72e12f559da2,anon_real_001,N22284,4,0.6180977,2026-01-27 18:17:12.872722+00:00,0
11ca5111-5421-4e5f-b644-72e12f559da2,anon_real_001,N57838,5,0.6178651,2026-01-27 18:17:12.872722+00:00,0
11ca5111-5421-4e5f-b644-72e12f559da2,anon_real_001,N89236,6,0.6150154,2026-01-27 18:17:12.872722+00:00,0
11ca5111-5421-4e5f-b644-72e12f559da2,anon_real_001,N119358,7,0.60865366,2026-01-27 18:17:12.872722+00:00,0
11ca5111-5421-4e5f-b644-72e12f559da2,anon_real_001,N38908,8,0.6063535,2026-01-27 18:17:12.872722+00:00,0
11ca5111-5421-4e5f-b644-72e12f559da2,anon_real_001,N110783,9,0.601603,2026-01-27 18:17:12.872722+00:00,0
11ca5111-5421-4e5f-b644-72e12f559da2,anon_real_001,N8082,10,0.5949148,2026-01-27 18:17:12.872722+00:00,0
4f14ef17-913a-4e32-9a28-1b815add39aa,anon_real_001,N30706,1,0.6729821,2026-01-27 18:51:25.186108+00:00,0
4f14ef17-913a-4e32-9a28-1b815add39aa,anon_real_001,N73498,2,0.62650704,2026-01-27 18:51:25.186108+00:00,1
4f14ef17-913a-4e32-9a28-1b815add39aa,anon_real_001,N6371,3,0.6261518,2026-01-27 18:51:25.186108+00:00,0
4f14ef17-913a-4e32-9a28-1b815add39aa,anon_real_001,N22284,4,0.6180977,2026-01-27 18:51:25.186108+00:00,0
4f14ef17-913a-4e32-9a28-1b815add39aa,anon_real_001,N57838,5,0.6178651,2026-01-27 18:51:25.186108+00:00,0
4f14ef17-913a-4e32-9a28-1b815add39aa,anon_real_001,N89236,6,0.6150154,2026-01-27 18:51:25.186108+00:00,0
4f14ef17-913a-4e32-9a28-1b815add39aa,anon_real_001,N119358,7,0.60865366,2026-01-27 18:51:25.186108+00:00,0
4f14ef17-913a-4e32-9a28-1b815add39aa,anon_real_001,N38908,8,0.6063535,2026-01-27 18:51:25.186108+00:00,0
4f14ef17-913a-4e32-9a28-1b815add39aa,anon_real_001,N110783,9,0.601603,2026-01-27 18:51:25.186108+00:00,0
4f14ef17-913a-4e32-9a28-1b815add39aa,anon_real_001,N8082,10,0.5949148,2026-01-27 18:51:25.186108+00:00,0
8cfc4507-13af-4b46-a39e-a369a9eafe55,anon_real_001,N30706,1,0.6729821,2026-01-28 00:19:26.828416+00:00,0
8cfc4507-13af-4b46-a39e-a369a9eafe55,anon_real_001,N73498,2,0.62650704,2026-01-28 00:19:26.828416+00:00,0
8cfc4507-13af-4b46-a39e-a369a9eafe55,anon_real_001,N6371,3,0.6261518,2026-01-28 00:19:26.828416+00:00,0
8cfc4507-13af-4b46-a39e-a369a9eafe55,anon_real_001,N22284,4,0.6180977,2026-01-28 00:19:26.828416+00:00,0
8cfc4507-13af-4b46-a39e-a369a9eafe55,anon_real_001,N57838,5,0.6178651,2026-01-28 00:19:26.828416+00:00,0
8cfc4507-13af-4b46-a39e-a369a9eafe55,anon_real_001,N89236,6,0.6150154,2026-01-28 00:19:26.828416+00:00,0
8cfc4507-13af-4b46-a39e-a369a9eafe55,anon_real_001,N119358,7,0.60865366,2026-01-28 00:19:26.828416+00:00,0
8cfc4507-13af-4b46-a39e-a369a9eafe55,anon_real_001,N38908,8,0.6063535,2026-01-28 00:19:26.828416+00:00,0
8cfc4507-13af-4b46-a39e-a369a9eafe55,anon_real_001,N110783,9,0.601603,2026-01-28 00:19:26.828416+00:00,0
8cfc4507-13af-4b46-a39e-a369a9eafe55,anon_real_001,N8082,10,0.5949148,2026-01-28 00:19:26.828416+00:00,0
072f56b6-37e5-4b77-b1aa-a6fad15422d2,anon_real_001,N8082,1,0.7529735,2026-01-28 00:38:43.790022+00:00,0
072f56b6-37e5-4b77-b1aa-a6fad15422d2,anon_real_001,N31738,2,0.740679,2026-01-28 00:38:43.790022+00:00,0
072f56b6-37e5-4b77-b1aa-a6fad15422d2,anon_real_001,N110783,3,0.72893286,2026-01-28 00:38:43.790022+00:00,0
072f56b6-37e5-4b77-b1aa-a6fad15422d2,anon_real_001,N55545,4,0.7275182,2026-01-28 00:38:43.790022+00:00,0
072f56b6-37e5-4b77-b1aa-a6fad15422d2,anon_real_001,N12308,5,0.7137941,2026-01-28 00:38:43.790022+00:00,0
072f56b6-37e5-4b77-b1aa-a6fad15422d2,anon_real_001,N16803,6,0.6742469,2026-01-28 00:38:43.790022+00:00,1
072f56b6-37e5-4b77-b1aa-a6fad15422d2,anon_real_001,N7940,7,0.66528136,2026-01-28 00:38:43.790022+00:00,0
072f56b6-37e5-4b77-b1aa-a6fad15422d2,anon_real_001,N102614,8,0.6466723,2026-01-28 00:38:43.790022+00:00,0
072f56b6-37e5-4b77-b1aa-a6fad15422d2,anon_real_001,N36338,9,0.6364301,2026-01-28 00:38:43.790022+00:00,0
072f56b6-37e5-4b77-b1aa-a6fad15422d2,anon_real_001,N54981,10,0.6266696,2026-01-28 00:38:43.790022+00:00,0
c29b7a24-5114-4783-8ade-2c0ed208477d,anon_real_001,N8082,1,0.84769076,2026-01-28 00:39:38.826696+00:00,0
c29b7a24-5114-4783-8ade-2c0ed208477d,anon_real_001,N31738,2,0.83108985,2026-01-28 00:39:38.826696+00:00,0
c29b7a24-5114-4783-8ade-2c0ed208477d,anon_real_001,N55545,3,0.81475264,2026-01-28 00:39:38.826696+00:00,0
c29b7a24-5114-4783-8ade-2c0ed208477d,anon_real_001,N110783,4,0.8023597,2026-01-28 00:39:38.826696+00:00,0
c29b7a24-5114-4783-8ade-2c0ed208477d,anon_real_001,N12308,5,0.77160805,2026-01-28 00:39:38.826696+00:00,0
c29b7a24-5114-4783-8ade-2c0ed208477d,anon_real_001,N7940,6,0.7560315,2026-01-28 00:39:38.826696+00:00,0
c29b7a24-5114-4783-8ade-2c0ed208477d,anon_real_001,N22354,7,0.708964,2026-01-28 00:39:38.826696+00:00,0
c29b7a24-5114-4783-8ade-2c0ed208477d,anon_real_001,N36338,8,0.7051479,2026-01-28 00:39:38.826696+00:00,0
c29b7a24-5114-4783-8ade-2c0ed208477d,anon_real_001,N54981,9,0.66920996,2026-01-28 00:39:38.826696+00:00,0
c29b7a24-5114-4783-8ade-2c0ed208477d,anon_real_001,N125941,10,0.6649699,2026-01-28 00:39:38.826696+00:00,0
8556b53d-fd13-4056-9132-6573a2218404,anon_real_001,N8082,1,0.84769076,2026-01-28 00:40:10.420267+00:00,0
8556b53d-fd13-4056-9132-6573a2218404,anon_real_001,N31738,2,0.83108985,2026-01-28 00:40:10.420267+00:00,0
8556b53d-fd13-4056-9132-6573a2218404,anon_real_001,N55545,3,0.81475264,2026-01-28 00:40:10.420267+00:00,1
8556b53d-fd13-4056-9132-6573a2218404,anon_real_001,N110783,4,0.8023597,2026-01-28 00:40:10.420267+00:00,0
8556b53d-fd13-4056-9132-6573a2218404,anon_real_001,N12308,5,0.77160805,2026-01-28 00:40:10.420267+00:00,0
8556b53d-fd13-4056-9132-6573a2218404,anon_real_001,N7940,6,0.7560315,2026-01-28 00:40:10.420267+00:00,0
8556b53d-fd13-4056-9132-6573a2218404,anon_real_001,N22354,7,0.708964,2026-01-28 00:40:10.420267+00:00,1
8556b53d-fd13-4056-9132-6573a2218404,anon_real_001,N36338,8,0.7051479,2026-01-28 00:40:10.420267+00:00,0
8556b53d-fd13-4056-9132-6573a2218404,anon_real_001,N54981,9,0.66920996,2026-01-28 00:40:10.420267+00:00,0
8556b53d-fd13-4056-9132-6573a2218404,anon_real_001,N125941,10,0.6649699,2026-01-28 00:40:10.420267+00:00,0
cd330a1b-be2a-4b93-9b74-44340dd2ea58,anon_rankgen_002,N31159,1,0.0,2026-01-28 00:41:31.268362+00:00,0
cd330a1b-be2a-4b93-9b74-44340dd2ea58,anon_rankgen_002,N36388,2,0.0,2026-01-28 00:41:31.268362+00:00,0
cd330a1b-be2a-4b93-9b74-44340dd2ea58,anon_rankgen_002,N112833,3,0.0,2026-01-28 00:41:31.268362+00:00,0
cd330a1b-be2a-4b93-9b74-44340dd2ea58,anon_rankgen_002,N51336,4,0.0,2026-01-28 00:41:31.268362+00:00,0
cd330a1b-be2a-4b93-9b74-44340dd2ea58,anon_rankgen_002,N96830,5,0.0,2026-01-28 00:41:31.268362+00:00,0
cd330a1b-be2a-4b93-9b74-44340dd2ea58,anon_rankgen_002,N46382,6,0.0,2026-01-28 00:41:31.268362+00:00,0
cd330a1b-be2a-4b93-9b74-44340dd2ea58,anon_rankgen_002,N63675,7,0.0,2026-01-28 00:41:31.268362+00:00,0
cd330a1b-be2a-4b93-9b74-44340dd2ea58,anon_rankgen_002,N58992,8,0.0,2026-01-28 00:41:31.268362+00:00,1
cd330a1b-be2a-4b93-9b74-44340dd2ea58,anon_rankgen_002,N55061,9,0.0,2026-01-28 00:41:31.268362+00:00,0
cd330a1b-be2a-4b93-9b74-44340dd2ea58,anon_rankgen_002,N92300,10,0.0,2026-01-28 00:41:31.268362+00:00,0
d8c284bc-79ac-4877-b5c5-29db3b1c7f30,anon_rankgen_002,N114135,1,0.6403051,2026-01-28 00:42:40.861229+00:00,0
d8c284bc-79ac-4877-b5c5-29db3b1c7f30,anon_rankgen_002,N13859,2,0.58194673,2026-01-28 00:42:40.861229+00:00,0
d8c284bc-79ac-4877-b5c5-29db3b1c7f30,anon_rankgen_002,N22468,3,0.5367212,2026-01-28 00:42:40.861229+00:00,0
d8c284bc-79ac-4877-b5c5-29db3b1c7f30,anon_rankgen_002,N97938,4,0.5306527,2026-01-28 00:42:40.861229+00:00,0
d8c284bc-79ac-4877-b5c5-29db3b1c7f30,anon_rankgen_002,N3707,5,0.5088525,2026-01-28 00:42:40.861229+00:00,0
d8c284bc-79ac-4877-b5c5-29db3b1c7f30,anon_rankgen_002,N13379,6,0.50743717,2026-01-28 00:42:40.861229+00:00,1
d8c284bc-79ac-4877-b5c5-29db3b1c7f30,anon_rankgen_002,N50907,7,0.47287127,2026-01-28 00:42:40.861229+00:00,0
d8c284bc-79ac-4877-b5c5-29db3b1c7f30,anon_rankgen_002,N98137,8,0.46036547,2026-01-28 00:42:40.861229+00:00,0
d8c284bc-79ac-4877-b5c5-29db3b1c7f30,anon_rankgen_002,N61157,9,0.45756054,2026-01-28 00:42:40.861229+00:00,0
d8c284bc-79ac-4877-b5c5-29db3b1c7f30,anon_rankgen_002,N32835,10,0.45481098,2026-01-28 00:42:40.861229+00:00,0
242c359c-b1e8-4a52-b499-1490fb434621,anon_rankgen_002,N114135,1,0.7462517,2026-01-28 00:43:37.611965+00:00,0
242c359c-b1e8-4a52-b499-1490fb434621,anon_rankgen_002,N97938,2,0.7372494,2026-01-28 00:43:37.611965+00:00,0
242c359c-b1e8-4a52-b499-1490fb434621,anon_rankgen_002,N50907,3,0.6820867,2026-01-28 00:43:37.611965+00:00,0
242c359c-b1e8-4a52-b499-1490fb434621,anon_rankgen_002,N22468,4,0.65226424,2026-01-28 00:43:37.611965+00:00,0
242c359c-b1e8-4a52-b499-1490fb434621,anon_rankgen_002,N51509,5,0.6389239,2026-01-28 00:43:37.611965+00:00,0
242c359c-b1e8-4a52-b499-1490fb434621,anon_rankgen_002,N9142,6,0.6125456,2026-01-28 00:43:37.611965+00:00,0
242c359c-b1e8-4a52-b499-1490fb434621,anon_rankgen_002,N20004,7,0.605569,2026-01-28 00:43:37.611965+00:00,0
242c359c-b1e8-4a52-b499-1490fb434621,anon_rankgen_002,N123172,8,0.5999889,2026-01-28 00:43:37.611965+00:00,0
242c359c-b1e8-4a52-b499-1490fb434621,anon_rankgen_002,N85159,9,0.59358394,2026-01-28 00:43:37.611965+00:00,0
242c359c-b1e8-4a52-b499-1490fb434621,anon_rankgen_002,N77634,10,0.59329706,2026-01-28 00:43:37.611965+00:00,0
ff6b476d-4abe-4aaf-a5f1-21cf122a7e58,anon_real_001,N31738,1,0.8760013,2026-01-28 00:47:48.470977+00:00,0
ff6b476d-4abe-4aaf-a5f1-21cf122a7e58,anon_real_001,N8082,2,0.8621084,2026-01-28 00:47:48.470977+00:00,0
ff6b476d-4abe-4aaf-a5f1-21cf122a7e58,anon_real_001,N59747,3,0.8501632,2026-01-28 00:47:48.470977+00:00,0
ff6b476d-4abe-4aaf-a5f1-21cf122a7e58,anon_real_001,N110783,4,0.84075034,2026-01-28 00:47:48.470977+00:00,0
ff6b476d-4abe-4aaf-a5f1-21cf122a7e58,anon_real_001,N7940,5,0.8058071,2026-01-28 00:47:48.470977+00:00,0
ff6b476d-4abe-4aaf-a5f1-21cf122a7e58,anon_real_001,N12308,6,0.8052702,2026-01-28 00:47:48.470977+00:00,0
ff6b476d-4abe-4aaf-a5f1-21cf122a7e58,anon_real_001,N54981,7,0.7332683,2026-01-28 00:47:48.470977+00:00,0
ff6b476d-4abe-4aaf-a5f1-21cf122a7e58,anon_real_001,N36338,8,0.72219586,2026-01-28 00:47:48.470977+00:00,0
ff6b476d-4abe-4aaf-a5f1-21cf122a7e58,anon_real_001,N125941,9,0.70574343,2026-01-28 00:47:48.470977+00:00,0
ff6b476d-4abe-4aaf-a5f1-21cf122a7e58,anon_real_001,N4320,10,0.6611309,2026-01-28 00:47:48.470977+00:00,0
be59febf-c843-4640-a8db-20e95850b6bd,anon_real_001,N31738,1,0.8760013,2026-01-28 00:47:49.630210+00:00,0
be59febf-c843-4640-a8db-20e95850b6bd,anon_real_001,N8082,2,0.8621084,2026-01-28 00:47:49.630210+00:00,0
be59febf-c843-4640-a8db-20e95850b6bd,anon_real_001,N59747,3,0.8501632,2026-01-28 00:47:49.630210+00:00,0
be59febf-c843-4640-a8db-20e95850b6bd,anon_real_001,N110783,4,0.84075034,2026-01-28 00:47:49.630210+00:00,0
be59febf-c843-4640-a8db-20e95850b6bd,anon_real_001,N7940,5,0.8058071,2026-01-28 00:47:49.630210+00:00,0
be59febf-c843-4640-a8db-20e95850b6bd,anon_real_001,N12308,6,0.8052702,2026-01-28 00:47:49.630210+00:00,0
be59febf-c843-4640-a8db-20e95850b6bd,anon_real_001,N54981,7,0.7332683,2026-01-28 00:47:49.630210+00:00,0
be59febf-c843-4640-a8db-20e95850b6bd,anon_real_001,N36338,8,0.72219586,2026-01-28 00:47:49.630210+00:00,0
be59febf-c843-4640-a8db-20e95850b6bd,anon_real_001,N125941,9,0.70574343,2026-01-28 00:47:49.630210+00:00,0
be59febf-c843-4640-a8db-20e95850b6bd,anon_real_001,N4320,10,0.6611309,2026-01-28 00:47:49.630210+00:00,0
e3424696-1d9e-4af4-a31b-71dd78bec04d,anon_real_001,N31738,1,0.8760013,2026-01-28 00:47:50.359392+00:00,0
e3424696-1d9e-4af4-a31b-71dd78bec04d,anon_real_001,N8082,2,0.8621084,2026-01-28 00:47:50.359392+00:00,0
e3424696-1d9e-4af4-a31b-71dd78bec04d,anon_real_001,N59747,3,0.8501632,2026-01-28 00:47:50.359392+00:00,0
e3424696-1d9e-4af4-a31b-71dd78bec04d,anon_real_001,N110783,4,0.84075034,2026-01-28 00:47:50.359392+00:00,0
e3424696-1d9e-4af4-a31b-71dd78bec04d,anon_real_001,N7940,5,0.8058071,2026-01-28 00:47:50.359392+00:00,0
e3424696-1d9e-4af4-a31b-71dd78bec04d,anon_real_001,N12308,6,0.8052702,2026-01-28 00:47:50.359392+00:00,0
e3424696-1d9e-4af4-a31b-71dd78bec04d,anon_real_001,N54981,7,0.7332683,2026-01-28 00:47:50.359392+00:00,0
e3424696-1d9e-4af4-a31b-71dd78bec04d,anon_real_001,N36338,8,0.72219586,2026-01-28 00:47:50.359392+00:00,0
e3424696-1d9e-4af4-a31b-71dd78bec04d,anon_real_001,N125941,9,0.70574343,2026-01-28 00:47:50.359392+00:00,0
e3424696-1d9e-4af4-a31b-71dd78bec04d,anon_real_001,N4320,10,0.6611309,2026-01-28 00:47:50.359392+00:00,0
98d2b654-aa1d-408f-8404-31d3a0e636bf,anon_real_001,N31738,1,0.8760013,2026-01-28 00:47:50.554416+00:00,0
98d2b654-aa1d-408f-8404-31d3a0e636bf,anon_real_001,N8082,2,0.8621084,2026-01-28 00:47:50.554416+00:00,0
98d2b654-aa1d-408f-8404-31d3a0e636bf,anon_real_001,N59747,3,0.8501632,2026-01-28 00:47:50.554416+00:00,0
98d2b654-aa1d-408f-8404-31d3a0e636bf,anon_real_001,N110783,4,0.84075034,2026-01-28 00:47:50.554416+00:00,0
98d2b654-aa1d-408f-8404-31d3a0e636bf,anon_real_001,N7940,5,0.8058071,2026-01-28 00:47:50.554416+00:00,0
98d2b654-aa1d-408f-8404-31d3a0e636bf,anon_real_001,N12308,6,0.8052702,2026-01-28 00:47:50.554416+00:00,0
98d2b654-aa1d-408f-8404-31d3a0e636bf,anon_real_001,N54981,7,0.7332683,2026-01-28 00:47:50.554416+00:00,0
98d2b654-aa1d-408f-8404-31d3a0e636bf,anon_real_001,N36338,8,0.72219586,2026-01-28 00:47:50.554416+00:00,0
98d2b654-aa1d-408f-8404-31d3a0e636bf,anon_real_001,N125941,9,0.70574343,2026-01-28 00:47:50.554416+00:00,0
98d2b654-aa1d-408f-8404-31d3a0e636bf,anon_real_001,N4320,10,0.6611309,2026-01-28 00:47:50.554416+00:00,0
526daec4-8ae5-4e5e-9c08-c56b6e3d55ae,anon_real_001,N31738,1,0.8760013,2026-01-28 00:47:50.744860+00:00,0
526daec4-8ae5-4e5e-9c08-c56b6e3d55ae,anon_real_001,N8082,2,0.8621084,2026-01-28 00:47:50.744860+00:00,0
526daec4-8ae5-4e5e-9c08-c56b6e3d55ae,anon_real_001,N59747,3,0.8501632,2026-01-28 00:47:50.744860+00:00,0
526daec4-8ae5-4e5e-9c08-c56b6e3d55ae,anon_real_001,N110783,4,0.84075034,2026-01-28 00:47:50.744860+00:00,0
526daec4-8ae5-4e5e-9c08-c56b6e3d55ae,anon_real_001,N7940,5,0.8058071,2026-01-28 00:47:50.744860+00:00,0
526daec4-8ae5-4e5e-9c08-c56b6e3d55ae,anon_real_001,N12308,6,0.8052702,2026-01-28 00:47:50.744860+00:00,0
526daec4-8ae5-4e5e-9c08-c56b6e3d55ae,anon_real_001,N54981,7,0.7332683,2026-01-28 00:47:50.744860+00:00,0
526daec4-8ae5-4e5e-9c08-c56b6e3d55ae,anon_real_001,N36338,8,0.72219586,2026-01-28 00:47:50.744860+00:00,0
526daec4-8ae5-4e5e-9c08-c56b6e3d55ae,anon_real_001,N125941,9,0.70574343,2026-01-28 00:47:50.744860+00:00,0
526daec4-8ae5-4e5e-9c08-c56b6e3d55ae,anon_real_001,N4320,10,0.6611309,2026-01-28 00:47:50.744860+00:00,0
fda0305f-a3a9-4469-8c37-8cd0706507b5,anon_real_001,N31738,1,0.8760013,2026-01-28 00:47:50.950352+00:00,0
fda0305f-a3a9-4469-8c37-8cd0706507b5,anon_real_001,N8082,2,0.8621084,2026-01-28 00:47:50.950352+00:00,0
fda0305f-a3a9-4469-8c37-8cd0706507b5,anon_real_001,N59747,3,0.8501632,2026-01-28 00:47:50.950352+00:00,0
fda0305f-a3a9-4469-8c37-8cd0706507b5,anon_real_001,N110783,4,0.84075034,2026-01-28 00:47:50.950352+00:00,0
fda0305f-a3a9-4469-8c37-8cd0706507b5,anon_real_001,N7940,5,0.8058071,2026-01-28 00:47:50.950352+00:00,0
fda0305f-a3a9-4469-8c37-8cd0706507b5,anon_real_001,N12308,6,0.8052702,2026-01-28 00:47:50.950352+00:00,0
fda0305f-a3a9-4469-8c37-8cd0706507b5,anon_real_001,N54981,7,0.7332683,2026-01-28 00:47:50.950352+00:00,0
fda0305f-a3a9-4469-8c37-8cd0706507b5,anon_real_001,N36338,8,0.72219586,2026-01-28 00:47:50.950352+00:00,0
fda0305f-a3a9-4469-8c37-8cd0706507b5,anon_real_001,N125941,9,0.70574343,2026-01-28 00:47:50.950352+00:00,0
fda0305f-a3a9-4469-8c37-8cd0706507b5,anon_real_001,N4320,10,0.6611309,2026-01-28 00:47:50.950352+00:00,0
b0f0f615-b869-4a64-a954-a36e30562dbf,anon_real_001,N31738,1,0.8760013,2026-01-28 00:47:51.119331+00:00,0
b0f0f615-b869-4a64-a954-a36e30562dbf,anon_real_001,N8082,2,0.8621084,2026-01-28 00:47:51.119331+00:00,0
b0f0f615-b869-4a64-a954-a36e30562dbf,anon_real_001,N59747,3,0.8501632,2026-01-28 00:47:51.119331+00:00,0
b0f0f615-b869-4a64-a954-a36e30562dbf,anon_real_001,N110783,4,0.84075034,2026-01-28 00:47:51.119331+00:00,0
b0f0f615-b869-4a64-a954-a36e30562dbf,anon_real_001,N7940,5,0.8058071,2026-01-28 00:47:51.119331+00:00,0
b0f0f615-b869-4a64-a954-a36e30562dbf,anon_real_001,N12308,6,0.8052702,2026-01-28 00:47:51.119331+00:00,0
b0f0f615-b869-4a64-a954-a36e30562dbf,anon_real_001,N54981,7,0.7332683,2026-01-28 00:47:51.119331+00:00,0
b0f0f615-b869-4a64-a954-a36e30562dbf,anon_real_001,N36338,8,0.72219586,2026-01-28 00:47:51.119331+00:00,0
b0f0f615-b869-4a64-a954-a36e30562dbf,anon_real_001,N125941,9,0.70574343,2026-01-28 00:47:51.119331+00:00,0
b0f0f615-b869-4a64-a954-a36e30562dbf,anon_real_001,N4320,10,0.6611309,2026-01-28 00:47:51.119331+00:00,0
caeeee3b-f017-4771-9268-672517380e02,anon_real_001,N31738,1,0.8760013,2026-01-28 00:47:51.308724+00:00,0
caeeee3b-f017-4771-9268-672517380e02,anon_real_001,N8082,2,0.8621084,2026-01-28 00:47:51.308724+00:00,0
caeeee3b-f017-4771-9268-672517380e02,anon_real_001,N59747,3,0.8501632,2026-01-28 00:47:51.308724+00:00,0
caeeee3b-f017-4771-9268-672517380e02,anon_real_001,N110783,4,0.84075034,2026-01-28 00:47:51.308724+00:00,0
caeeee3b-f017-4771-9268-672517380e02,anon_real_001,N7940,5,0.8058071,2026-01-28 00:47:51.308724+00:00,0
caeeee3b-f017-4771-9268-672517380e02,anon_real_001,N12308,6,0.8052702,2026-01-28 00:47:51.308724+00:00,0
caeeee3b-f017-4771-9268-672517380e02,anon_real_001,N54981,7,0.7332683,2026-01-28 00:47:51.308724+00:00,0
caeeee3b-f017-4771-9268-672517380e02,anon_real_001,N36338,8,0.72219586,2026-01-28 00:47:51.308724+00:00,0
caeeee3b-f017-4771-9268-672517380e02,anon_real_001,N125941,9,0.70574343,2026-01-28 00:47:51.308724+00:00,0
caeeee3b-f017-4771-9268-672517380e02,anon_real_001,N4320,10,0.6611309,2026-01-28 00:47:51.308724+00:00,0
79512dfa-2b85-404d-b0c8-c1ede52b7995,anon_real_001,N31738,1,0.8760013,2026-01-28 00:47:51.476159+00:00,0
79512dfa-2b85-404d-b0c8-c1ede52b7995,anon_real_001,N8082,2,0.8621084,2026-01-28 00:47:51.476159+00:00,0
79512dfa-2b85-404d-b0c8-c1ede52b7995,anon_real_001,N59747,3,0.8501632,2026-01-28 00:47:51.476159+00:00,0
79512dfa-2b85-404d-b0c8-c1ede52b7995,anon_real_001,N110783,4,0.84075034,2026-01-28 00:47:51.476159+00:00,0
79512dfa-2b85-404d-b0c8-c1ede52b7995,anon_real_001,N7940,5,0.8058071,2026-01-28 00:47:51.476159+00:00,0
79512dfa-2b85-404d-b0c8-c1ede52b7995,anon_real_001,N12308,6,0.8052702,2026-01-28 00:47:51.476159+00:00,0
79512dfa-2b85-404d-b0c8-c1ede52b7995,anon_real_001,N54981,7,0.7332683,2026-01-28 00:47:51.476159+00:00,0
79512dfa-2b85-404d-b0c8-c1ede52b7995,anon_real_001,N36338,8,0.72219586,2026-01-28 00:47:51.476159+00:00,0
79512dfa-2b85-404d-b0c8-c1ede52b7995,anon_real_001,N125941,9,0.70574343,2026-01-28 00:47:51.476159+00:00,0
79512dfa-2b85-404d-b0c8-c1ede52b7995,anon_real_001,N4320,10,0.6611309,2026-01-28 00:47:51.476159+00:00,0
af577fc1-b6f7-465a-bafe-762d95caf734,anon_real_001,N31738,1,0.8760013,2026-01-28 00:47:51.662621+00:00,0
af577fc1-b6f7-465a-bafe-762d95caf734,anon_real_001,N8082,2,0.8621084,2026-01-28 00:47:51.662621+00:00,0
af577fc1-b6f7-465a-bafe-762d95caf734,anon_real_001,N59747,3,0.8501632,2026-01-28 00:47:51.662621+00:00,0
af577fc1-b6f7-465a-bafe-762d95caf734,anon_real_001,N110783,4,0.84075034,2026-01-28 00:47:51.662621+00:00,0
af577fc1-b6f7-465a-bafe-762d95caf734,anon_real_001,N7940,5,0.8058071,2026-01-28 00:47:51.662621+00:00,0
af577fc1-b6f7-465a-bafe-762d95caf734,anon_real_001,N12308,6,0.8052702,2026-01-28 00:47:51.662621+00:00,0
af577fc1-b6f7-465a-bafe-762d95caf734,anon_real_001,N54981,7,0.7332683,2026-01-28 00:47:51.662621+00:00,0
af577fc1-b6f7-465a-bafe-762d95caf734,anon_real_001,N36338,8,0.72219586,2026-01-28 00:47:51.662621+00:00,0
af577fc1-b6f7-465a-bafe-762d95caf734,anon_real_001,N125941,9,0.70574343,2026-01-28 00:47:51.662621+00:00,0
af577fc1-b6f7-465a-bafe-762d95caf734,anon_real_001,N4320,10,0.6611309,2026-01-28 00:47:51.662621+00:00,0
8683d8c7-b7a2-458c-aeb0-df213fd96ed6,anon_real_001,N31738,1,0.8760013,2026-01-28 00:47:51.854917+00:00,0
8683d8c7-b7a2-458c-aeb0-df213fd96ed6,anon_real_001,N8082,2,0.8621084,2026-01-28 00:47:51.854917+00:00,0
8683d8c7-b7a2-458c-aeb0-df213fd96ed6,anon_real_001,N59747,3,0.8501632,2026-01-28 00:47:51.854917+00:00,0
8683d8c7-b7a2-458c-aeb0-df213fd96ed6,anon_real_001,N110783,4,0.84075034,2026-01-28 00:47:51.854917+00:00,0
8683d8c7-b7a2-458c-aeb0-df213fd96ed6,anon_real_001,N7940,5,0.8058071,2026-01-28 00:47:51.854917+00:00,0
8683d8c7-b7a2-458c-aeb0-df213fd96ed6,anon_real_001,N12308,6,0.8052702,2026-01-28 00:47:51.854917+00:00,0
8683d8c7-b7a2-458c-aeb0-df213fd96ed6,anon_real_001,N54981,7,0.7332683,2026-01-28 00:47:51.854917+00:00,0
8683d8c7-b7a2-458c-aeb0-df213fd96ed6,anon_real_001,N36338,8,0.72219586,2026-01-28 00:47:51.854917+00:00,0
8683d8c7-b7a2-458c-aeb0-df213fd96ed6,anon_real_001,N125941,9,0.70574343,2026-01-28 00:47:51.854917+00:00,0
8683d8c7-b7a2-458c-aeb0-df213fd96ed6,anon_real_001,N4320,10,0.6611309,2026-01-28 00:47:51.854917+00:00,0
52048964-5985-4ae7-9f21-d2b33e07fe8f,anon_real_001,N31738,1,0.8760013,2026-01-28 00:47:52.054859+00:00,0
52048964-5985-4ae7-9f21-d2b33e07fe8f,anon_real_001,N8082,2,0.8621084,2026-01-28 00:47:52.054859+00:00,0
52048964-5985-4ae7-9f21-d2b33e07fe8f,anon_real_001,N59747,3,0.8501632,2026-01-28 00:47:52.054859+00:00,0
52048964-5985-4ae7-9f21-d2b33e07fe8f,anon_real_001,N110783,4,0.84075034,2026-01-28 00:47:52.054859+00:00,0
52048964-5985-4ae7-9f21-d2b33e07fe8f,anon_real_001,N7940,5,0.8058071,2026-01-28 00:47:52.054859+00:00,0
52048964-5985-4ae7-9f21-d2b33e07fe8f,anon_real_001,N12308,6,0.8052702,2026-01-28 00:47:52.054859+00:00,0
52048964-5985-4ae7-9f21-d2b33e07fe8f,anon_real_001,N54981,7,0.7332683,2026-01-28 00:47:52.054859+00:00,0
52048964-5985-4ae7-9f21-d2b33e07fe8f,anon_real_001,N36338,8,0.72219586,2026-01-28 00:47:52.054859+00:00,0
52048964-5985-4ae7-9f21-d2b33e07fe8f,anon_real_001,N125941,9,0.70574343,2026-01-28 00:47:52.054859+00:00,0
52048964-5985-4ae7-9f21-d2b33e07fe8f,anon_real_001,N4320,10,0.6611309,2026-01-28 00:47:52.054859+00:00,0
fb7f1b78-8fa6-42e2-9d31-db288f99be7f,anon_real_001,N31738,1,0.8760013,2026-01-28 00:47:52.222775+00:00,0
fb7f1b78-8fa6-42e2-9d31-db288f99be7f,anon_real_001,N8082,2,0.8621084,2026-01-28 00:47:52.222775+00:00,0
fb7f1b78-8fa6-42e2-9d31-db288f99be7f,anon_real_001,N59747,3,0.8501632,2026-01-28 00:47:52.222775+00:00,0
fb7f1b78-8fa6-42e2-9d31-db288f99be7f,anon_real_001,N110783,4,0.84075034,2026-01-28 00:47:52.222775+00:00,0
fb7f1b78-8fa6-42e2-9d31-db288f99be7f,anon_real_001,N7940,5,0.8058071,2026-01-28 00:47:52.222775+00:00,0
fb7f1b78-8fa6-42e2-9d31-db288f99be7f,anon_real_001,N12308,6,0.8052702,2026-01-28 00:47:52.222775+00:00,0
fb7f1b78-8fa6-42e2-9d31-db288f99be7f,anon_real_001,N54981,7,0.7332683,2026-01-28 00:47:52.222775+00:00,0
fb7f1b78-8fa6-42e2-9d31-db288f99be7f,anon_real_001,N36338,8,0.72219586,2026-01-28 00:47:52.222775+00:00,0
fb7f1b78-8fa6-42e2-9d31-db288f99be7f,anon_real_001,N125941,9,0.70574343,2026-01-28 00:47:52.222775+00:00,0
fb7f1b78-8fa6-42e2-9d31-db288f99be7f,anon_real_001,N4320,10,0.6611309,2026-01-28 00:47:52.222775+00:00,0
3bb591ba-ef9f-4e78-9037-1423c4960ed9,anon_real_001,N31738,1,0.8760013,2026-01-28 00:47:52.416231+00:00,0
3bb591ba-ef9f-4e78-9037-1423c4960ed9,anon_real_001,N8082,2,0.8621084,2026-01-28 00:47:52.416231+00:00,0
3bb591ba-ef9f-4e78-9037-1423c4960ed9,anon_real_001,N59747,3,0.8501632,2026-01-28 00:47:52.416231+00:00,0
3bb591ba-ef9f-4e78-9037-1423c4960ed9,anon_real_001,N110783,4,0.84075034,2026-01-28 00:47:52.416231+00:00,0
3bb591ba-ef9f-4e78-9037-1423c4960ed9,anon_real_001,N7940,5,0.8058071,2026-01-28 00:47:52.416231+00:00,0
3bb591ba-ef9f-4e78-9037-1423c4960ed9,anon_real_001,N12308,6,0.8052702,2026-01-28 00:47:52.416231+00:00,0
3bb591ba-ef9f-4e78-9037-1423c4960ed9,anon_real_001,N54981,7,0.7332683,2026-01-28 00:47:52.416231+00:00,0
3bb591ba-ef9f-4e78-9037-1423c4960ed9,anon_real_001,N36338,8,0.72219586,2026-01-28 00:47:52.416231+00:00,0
3bb591ba-ef9f-4e78-9037-1423c4960ed9,anon_real_001,N125941,9,0.70574343,2026-01-28 00:47:52.416231+00:00,0
3bb591ba-ef9f-4e78-9037-1423c4960ed9,anon_real_001,N4320,10,0.6611309,2026-01-28 00:47:52.416231+00:00,0
1ab935f1-6e48-4641-98a4-bf60bd5f2951,anon_real_001,N31738,1,0.8760013,2026-01-28 00:47:52.595609+00:00,0
1ab935f1-6e48-4641-98a4-bf60bd5f2951,anon_real_001,N8082,2,0.8621084,2026-01-28 00:47:52.595609+00:00,0
1ab935f1-6e48-4641-98a4-bf60bd5f2951,anon_real_001,N59747,3,0.8501632,2026-01-28 00:47:52.595609+00:00,0
1ab935f1-6e48-4641-98a4-bf60bd5f2951,anon_real_001,N110783,4,0.84075034,2026-01-28 00:47:52.595609+00:00,0
1ab935f1-6e48-4641-98a4-bf60bd5f2951,anon_real_001,N7940,5,0.8058071,2026-01-28 00:47:52.595609+00:00,0
1ab935f1-6e48-4641-98a4-bf60bd5f2951,anon_real_001,N12308,6,0.8052702,2026-01-28 00:47:52.595609+00:00,0
1ab935f1-6e48-4641-98a4-bf60bd5f2951,anon_real_001,N54981,7,0.7332683,2026-01-28 00:47:52.595609+00:00,0
1ab935f1-6e48-4641-98a4-bf60bd5f2951,anon_real_001,N36338,8,0.72219586,2026-01-28 00:47:52.595609+00:00,0
1ab935f1-6e48-4641-98a4-bf60bd5f2951,anon_real_001,N125941,9,0.70574343,2026-01-28 00:47:52.595609+00:00,0
1ab935f1-6e48-4641-98a4-bf60bd5f2951,anon_real_001,N4320,10,0.6611309,2026-01-28 00:47:52.595609+00:00,0
91edf120-55a9-445b-8e84-a174f7657413,anon_rankgen_002,N114135,1,0.7462517,2026-01-28 00:50:04.388564+00:00,0
91edf120-55a9-445b-8e84-a174f7657413,anon_rankgen_002,N97938,2,0.7372494,2026-01-28 00:50:04.388564+00:00,0
91edf120-55a9-445b-8e84-a174f7657413,anon_rankgen_002,N50907,3,0.6820867,2026-01-28 00:50:04.388564+00:00,0
91edf120-55a9-445b-8e84-a174f7657413,anon_rankgen_002,N22468,4,0.65226424,2026-01-28 00:50:04.388564+00:00,0
91edf120-55a9-445b-8e84-a174f7657413,anon_rankgen_002,N51509,5,0.6389239,2026-01-28 00:50:04.388564+00:00,0
91edf120-55a9-445b-8e84-a174f7657413,anon_rankgen_002,N9142,6,0.6125456,2026-01-28 00:50:04.388564+00:00,0
91edf120-55a9-445b-8e84-a174f7657413,anon_rankgen_002,N20004,7,0.605569,2026-01-28 00:50:04.388564+00:00,1
91edf120-55a9-445b-8e84-a174f7657413,anon_rankgen_002,N123172,8,0.5999889,2026-01-28 00:50:04.388564+00:00,0
91edf120-55a9-445b-8e84-a174f7657413,anon_rankgen_002,N85159,9,0.59358394,2026-01-28 00:50:04.388564+00:00,0
91edf120-55a9-445b-8e84-a174f7657413,anon_rankgen_002,N77634,10,0.59329706,2026-01-28 00:50:04.388564+00:00,0
5e6c9837-46d0-4068-999b-8a1f2493bff9,anon_rankgen_003,N129687,1,0.0,2026-01-28 00:50:04.744450+00:00,0
5e6c9837-46d0-4068-999b-8a1f2493bff9,anon_rankgen_003,N22916,2,0.0,2026-01-28 00:50:04.744450+00:00,0
5e6c9837-46d0-4068-999b-8a1f2493bff9,anon_rankgen_003,N43926,3,0.0,2026-01-28 00:50:04.744450+00:00,0
5e6c9837-46d0-4068-999b-8a1f2493bff9,anon_rankgen_003,N53953,4,0.0,2026-01-28 00:50:04.744450+00:00,0
5e6c9837-46d0-4068-999b-8a1f2493bff9,anon_rankgen_003,N67496,5,0.0,2026-01-28 00:50:04.744450+00:00,0
5e6c9837-46d0-4068-999b-8a1f2493bff9,anon_rankgen_003,N81806,6,0.0,2026-01-28 00:50:04.744450+00:00,1
5e6c9837-46d0-4068-999b-8a1f2493bff9,anon_rankgen_003,N2455,7,0.0,2026-01-28 00:50:04.744450+00:00,0
5e6c9837-46d0-4068-999b-8a1f2493bff9,anon_rankgen_003,N55434,8,0.0,2026-01-28 00:50:04.744450+00:00,0
5e6c9837-46d0-4068-999b-8a1f2493bff9,anon_rankgen_003,N4810,9,0.0,2026-01-28 00:50:04.744450+00:00,0
5e6c9837-46d0-4068-999b-8a1f2493bff9,anon_rankgen_003,N15020,10,0.0,2026-01-28 00:50:04.744450+00:00,0
fadddfa9-3831-4ee1-a7bf-6ed0939bdb14,anon_real_001,N31738,1,0.8760013,2026-01-28 00:50:05.142969+00:00,0
fadddfa9-3831-4ee1-a7bf-6ed0939bdb14,anon_real_001,N8082,2,0.8621084,2026-01-28 00:50:05.142969+00:00,0
fadddfa9-3831-4ee1-a7bf-6ed0939bdb14,anon_real_001,N59747,3,0.8501632,2026-01-28 00:50:05.142969+00:00,0
fadddfa9-3831-4ee1-a7bf-6ed0939bdb14,anon_real_001,N110783,4,0.84075034,2026-01-28 00:50:05.142969+00:00,0
fadddfa9-3831-4ee1-a7bf-6ed0939bdb14,anon_real_001,N7940,5,0.8058071,2026-01-28 00:50:05.142969+00:00,0
fadddfa9-3831-4ee1-a7bf-6ed0939bdb14,anon_real_001,N12308,6,0.8052702,2026-01-28 00:50:05.142969+00:00,0
fadddfa9-3831-4ee1-a7bf-6ed0939bdb14,anon_real_001,N54981,7,0.7332683,2026-01-28 00:50:05.142969+00:00,0
fadddfa9-3831-4ee1-a7bf-6ed0939bdb14,anon_real_001,N36338,8,0.72219586,2026-01-28 00:50:05.142969+00:00,0
fadddfa9-3831-4ee1-a7bf-6ed0939bdb14,anon_real_001,N125941,9,0.70574343,2026-01-28 00:50:05.142969+00:00,1
fadddfa9-3831-4ee1-a7bf-6ed0939bdb14,anon_real_001,N4320,10,0.6611309,2026-01-28 00:50:05.142969+00:00,0
b9fca18d-4c85-4da3-a311-ea129346ca9c,anon_rankgen_003,N87853,1,1.0,2026-01-28 00:50:05.498868+00:00,0
b9fca18d-4c85-4da3-a311-ea129346ca9c,anon_rankgen_003,N85348,2,0.8296728,2026-01-28 00:50:05.498868+00:00,0
b9fca18d-4c85-4da3-a311-ea129346ca9c,anon_rankgen_003,N40041,3,0.73185414,2026-01-28 00:50:05.498868+00:00,0
b9fca18d-4c85-4da3-a311-ea129346ca9c,anon_rankgen_003,N46005,4,0.7195643,2026-01-28 00:50:05.498868+00:00,0
b9fca18d-4c85-4da3-a311-ea129346ca9c,anon_rankgen_003,N128946,5,0.71594065,2026-01-28 00:50:05.498868+00:00,0
b9fca18d-4c85-4da3-a311-ea129346ca9c,anon_rankgen_003,N102005,6,0.7063271,2026-01-28 00:50:05.498868+00:00,0
b9fca18d-4c85-4da3-a311-ea129346ca9c,anon_rankgen_003,N107473,7,0.7032608,2026-01-28 00:50:05.498868+00:00,0
b9fca18d-4c85-4da3-a311-ea129346ca9c,anon_rankgen_003,N86957,8,0.6924319,2026-01-28 00:50:05.498868+00:00,0
b9fca18d-4c85-4da3-a311-ea129346ca9c,anon_rankgen_003,N105407,9,0.6746334,2026-01-28 00:50:05.498868+00:00,0
b9fca18d-4c85-4da3-a311-ea129346ca9c,anon_rankgen_003,N3655,10,0.66123855,2026-01-28 00:50:05.498868+00:00,0
9491cf5f-8835-4a9f-b666-324b08782416,anon_real_001,N8082,1,0.8855055,2026-01-28 00:50:05.850363+00:00,0
9491cf5f-8835-4a9f-b666-324b08782416,anon_real_001,N31738,2,0.8848595,2026-01-28 00:50:05.850363+00:00,0
9491cf5f-8835-4a9f-b666-324b08782416,anon_real_001,N59747,3,0.8772543,2026-01-28 00:50:05.850363+00:00,0
9491cf5f-8835-4a9f-b666-324b08782416,anon_real_001,N7940,4,0.84691906,2026-01-28 00:50:05.850363+00:00,0
9491cf5f-8835-4a9f-b666-324b08782416,anon_real_001,N110783,5,0.84080786,2026-01-28 00:50:05.850363+00:00,1
9491cf5f-8835-4a9f-b666-324b08782416,anon_real_001,N12308,6,0.80650157,2026-01-28 00:50:05.850363+00:00,0
9491cf5f-8835-4a9f-b666-324b08782416,anon_real_001,N54981,7,0.7702725,2026-01-28 00:50:05.850363+00:00,0
9491cf5f-8835-4a9f-b666-324b08782416,anon_real_001,N36338,8,0.7534162,2026-01-28 00:50:05.850363+00:00,0
9491cf5f-8835-4a9f-b666-324b08782416,anon_real_001,N8292,9,0.70339346,2026-01-28 00:50:05.850363+00:00,0
9491cf5f-8835-4a9f-b666-324b08782416,anon_real_001,N4320,10,0.6856333,2026-01-28 00:50:05.850363+00:00,0
1d04d8d5-8a27-4329-86ae-bef347b73141,anon_rankgen_002,N97938,1,0.78992426,2026-01-28 00:50:06.210820+00:00,0
1d04d8d5-8a27-4329-86ae-bef347b73141,anon_rankgen_002,N50907,2,0.7469979,2026-01-28 00:50:06.210820+00:00,0
1d04d8d5-8a27-4329-86ae-bef347b73141,anon_rankgen_002,N114135,3,0.716028,2026-01-28 00:50:06.210820+00:00,0
1d04d8d5-8a27-4329-86ae-bef347b73141,anon_rankgen_002,N51509,4,0.6774113,2026-01-28 00:50:06.210820+00:00,0
1d04d8d5-8a27-4329-86ae-bef347b73141,anon_rankgen_002,N22468,5,0.66219413,2026-01-28 00:50:06.210820+00:00,0
1d04d8d5-8a27-4329-86ae-bef347b73141,anon_rankgen_002,N9142,6,0.6408926,2026-01-28 00:50:06.210820+00:00,0
1d04d8d5-8a27-4329-86ae-bef347b73141,anon_rankgen_002,N11412,7,0.6331073,2026-01-28 00:50:06.210820+00:00,1
1d04d8d5-8a27-4329-86ae-bef347b73141,anon_rankgen_002,N77634,8,0.6324178,2026-01-28 00:50:06.210820+00:00,0
1d04d8d5-8a27-4329-86ae-bef347b73141,anon_rankgen_002,N28648,9,0.61793935,2026-01-28 00:50:06.210820+00:00,0
1d04d8d5-8a27-4329-86ae-bef347b73141,anon_rankgen_002,N94403,10,0.6145947,2026-01-28 00:50:06.210820+00:00,0
d77194bd-52eb-4945-9fbd-a3a2e80a9679,anon_rankgen_003,N87853,1,1.0,2026-01-28 00:50:06.560169+00:00,0
d77194bd-52eb-4945-9fbd-a3a2e80a9679,anon_rankgen_003,N85348,2,0.8296728,2026-01-28 00:50:06.560169+00:00,1
d77194bd-52eb-4945-9fbd-a3a2e80a9679,anon_rankgen_003,N40041,3,0.73185414,2026-01-28 00:50:06.560169+00:00,0
d77194bd-52eb-4945-9fbd-a3a2e80a9679,anon_rankgen_003,N46005,4,0.7195643,2026-01-28 00:50:06.560169+00:00,0
d77194bd-52eb-4945-9fbd-a3a2e80a9679,anon_rankgen_003,N128946,5,0.71594065,2026-01-28 00:50:06.560169+00:00,0
d77194bd-52eb-4945-9fbd-a3a2e80a9679,anon_rankgen_003,N102005,6,0.7063271,2026-01-28 00:50:06.560169+00:00,0
d77194bd-52eb-4945-9fbd-a3a2e80a9679,anon_rankgen_003,N107473,7,0.7032608,2026-01-28 00:50:06.560169+00:00,0
d77194bd-52eb-4945-9fbd-a3a2e80a9679,anon_rankgen_003,N86957,8,0.6924319,2026-01-28 00:50:06.560169+00:00,0
d77194bd-52eb-4945-9fbd-a3a2e80a9679,anon_rankgen_003,N105407,9,0.6746334,2026-01-28 00:50:06.560169+00:00,0
d77194bd-52eb-4945-9fbd-a3a2e80a9679,anon_rankgen_003,N3655,10,0.66123855,2026-01-28 00:50:06.560169+00:00,0
130b35be-0501-4d1c-bc72-12a8ee2bfb21,anon_rankgen_002,N97938,1,0.783066,2026-01-28 00:50:06.943290+00:00,0
130b35be-0501-4d1c-bc72-12a8ee2bfb21,anon_rankgen_002,N50907,2,0.7529241,2026-01-28 00:50:06.943290+00:00,0
130b35be-0501-4d1c-bc72-12a8ee2bfb21,anon_rankgen_002,N114135,3,0.68478334,2026-01-28 00:50:06.943290+00:00,0
130b35be-0501-4d1c-bc72-12a8ee2bfb21,anon_rankgen_002,N112881,4,0.6820112,2026-01-28 00:50:06.943290+00:00,0
130b35be-0501-4d1c-bc72-12a8ee2bfb21,anon_rankgen_002,N51509,5,0.6748809,2026-01-28 00:50:06.943290+00:00,0
130b35be-0501-4d1c-bc72-12a8ee2bfb21,anon_rankgen_002,N22468,6,0.6505064,2026-01-28 00:50:06.943290+00:00,0
130b35be-0501-4d1c-bc72-12a8ee2bfb21,anon_rankgen_002,N40799,7,0.648368,2026-01-28 00:50:06.943290+00:00,0
130b35be-0501-4d1c-bc72-12a8ee2bfb21,anon_rankgen_002,N14521,8,0.63954926,2026-01-28 00:50:06.943290+00:00,0
130b35be-0501-4d1c-bc72-12a8ee2bfb21,anon_rankgen_002,N9142,9,0.62763405,2026-01-28 00:50:06.943290+00:00,0
130b35be-0501-4d1c-bc72-12a8ee2bfb21,anon_rankgen_002,N28648,10,0.62240064,2026-01-28 00:50:06.943290+00:00,0
cc662bfb-b8ac-4a7d-92f9-4025f6a68747,anon_real_001,N31738,1,0.88417006,2026-01-28 00:50:07.282880+00:00,0
cc662bfb-b8ac-4a7d-92f9-4025f6a68747,anon_real_001,N73498,2,0.87491274,2026-01-28 00:50:07.282880+00:00,0
cc662bfb-b8ac-4a7d-92f9-4025f6a68747,anon_real_001,N8082,3,0.8672995,2026-01-28 00:50:07.282880+00:00,0
cc662bfb-b8ac-4a7d-92f9-4025f6a68747,anon_real_001,N59747,4,0.85932475,2026-01-28 00:50:07.282880+00:00,0
cc662bfb-b8ac-4a7d-92f9-4025f6a68747,anon_real_001,N7940,5,0.85077864,2026-01-28 00:50:07.282880+00:00,0
cc662bfb-b8ac-4a7d-92f9-4025f6a68747,anon_real_001,N12308,6,0.8182503,2026-01-28 00:50:07.282880+00:00,0
cc662bfb-b8ac-4a7d-92f9-4025f6a68747,anon_real_001,N54981,7,0.7789687,2026-01-28 00:50:07.282880+00:00,1
cc662bfb-b8ac-4a7d-92f9-4025f6a68747,anon_real_001,N36338,8,0.7545308,2026-01-28 00:50:07.282880+00:00,0
cc662bfb-b8ac-4a7d-92f9-4025f6a68747,anon_real_001,N8292,9,0.69986486,2026-01-28 00:50:07.282880+00:00,0
cc662bfb-b8ac-4a7d-92f9-4025f6a68747,anon_real_001,N4320,10,0.68498456,2026-01-28 00:50:07.282880+00:00,0
d031cf76-0607-4dc8-8897-72e27bdfabb2,anon_rankgen_003,N87853,1,0.9564707,2026-01-28 00:50:07.645989+00:00,0
d031cf76-0607-4dc8-8897-72e27bdfabb2,anon_rankgen_003,N86957,2,0.76557565,2026-01-28 00:50:07.645989+00:00,1
d031cf76-0607-4dc8-8897-72e27bdfabb2,anon_rankgen_003,N46005,3,0.7634449,2026-01-28 00:50:07.645989+00:00,0
d031cf76-0607-4dc8-8897-72e27bdfabb2,anon_rankgen_003,N128946,4,0.74122566,2026-01-28 00:50:07.645989+00:00,0
d031cf76-0607-4dc8-8897-72e27bdfabb2,anon_rankgen_003,N41109,5,0.7006612,2026-01-28 00:50:07.645989+00:00,0
d031cf76-0607-4dc8-8897-72e27bdfabb2,anon_rankgen_003,N40041,6,0.6999974,2026-01-28 00:50:07.645989+00:00,0
d031cf76-0607-4dc8-8897-72e27bdfabb2,anon_rankgen_003,N105407,7,0.697948,2026-01-28 00:50:07.645989+00:00,0
d031cf76-0607-4dc8-8897-72e27bdfabb2,anon_rankgen_003,N20492,8,0.69562835,2026-01-28 00:50:07.645989+00:00,0
d031cf76-0607-4dc8-8897-72e27bdfabb2,anon_rankgen_003,N102005,9,0.6863456,2026-01-28 00:50:07.645989+00:00,0
d031cf76-0607-4dc8-8897-72e27bdfabb2,anon_rankgen_003,N3655,10,0.6822363,2026-01-28 00:50:07.645989+00:00,0
c3d0dd0a-39c0-4d45-951b-b31ca4ab77b4,anon_rankgen_002,N97938,1,0.783066,2026-01-28 00:50:07.996165+00:00,1
c3d0dd0a-39c0-4d45-951b-b31ca4ab77b4,anon_rankgen_002,N50907,2,0.7529241,2026-01-28 00:50:07.996165+00:00,0
c3d0dd0a-39c0-4d45-951b-b31ca4ab77b4,anon_rankgen_002,N114135,3,0.68478334,2026-01-28 00:50:07.996165+00:00,0
c3d0dd0a-39c0-4d45-951b-b31ca4ab77b4,anon_rankgen_002,N112881,4,0.6820112,2026-01-28 00:50:07.996165+00:00,0
c3d0dd0a-39c0-4d45-951b-b31ca4ab77b4,anon_rankgen_002,N51509,5,0.6748809,2026-01-28 00:50:07.996165+00:00,0
c3d0dd0a-39c0-4d45-951b-b31ca4ab77b4,anon_rankgen_002,N22468,6,0.6505064,2026-01-28 00:50:07.996165+00:00,0
c3d0dd0a-39c0-4d45-951b-b31ca4ab77b4,anon_rankgen_002,N40799,7,0.648368,2026-01-28 00:50:07.996165+00:00,0
c3d0dd0a-39c0-4d45-951b-b31ca4ab77b4,anon_rankgen_002,N14521,8,0.63954926,2026-01-28 00:50:07.996165+00:00,0
c3d0dd0a-39c0-4d45-951b-b31ca4ab77b4,anon_rankgen_002,N9142,9,0.62763405,2026-01-28 00:50:07.996165+00:00,0
c3d0dd0a-39c0-4d45-951b-b31ca4ab77b4,anon_rankgen_002,N28648,10,0.62240064,2026-01-28 00:50:07.996165+00:00,0
a65d2ad4-11a4-4a24-881d-a3290950de35,anon_rankgen_003,N87853,1,0.9155656,2026-01-28 00:50:08.350267+00:00,0
a65d2ad4-11a4-4a24-881d-a3290950de35,anon_rankgen_003,N128946,2,0.7264595,2026-01-28 00:50:08.350267+00:00,0
a65d2ad4-11a4-4a24-881d-a3290950de35,anon_rankgen_003,N46005,3,0.7242274,2026-01-28 00:50:08.350267+00:00,0
a65d2ad4-11a4-4a24-881d-a3290950de35,anon_rankgen_003,N33805,4,0.6983841,2026-01-28 00:50:08.350267+00:00,0
a65d2ad4-11a4-4a24-881d-a3290950de35,anon_rankgen_003,N20492,5,0.68022346,2026-01-28 00:50:08.350267+00:00,0
a65d2ad4-11a4-4a24-881d-a3290950de35,anon_rankgen_003,N40041,6,0.6699765,2026-01-28 00:50:08.350267+00:00,1
a65d2ad4-11a4-4a24-881d-a3290950de35,anon_rankgen_003,N41109,7,0.6692903,2026-01-28 00:50:08.350267+00:00,0
a65d2ad4-11a4-4a24-881d-a3290950de35,anon_rankgen_003,N105407,8,0.6691991,2026-01-28 00:50:08.350267+00:00,0
a65d2ad4-11a4-4a24-881d-a3290950de35,anon_rankgen_003,N69379,9,0.6581808,2026-01-28 00:50:08.350267+00:00,1
a65d2ad4-11a4-4a24-881d-a3290950de35,anon_rankgen_003,N79033,10,0.6378351,2026-01-28 00:50:08.350267+00:00,0
ceb7c1c0-eba8-4ce3-b84f-93ce0fd0f427,anon_rankgen_002,N50907,1,0.79656106,2026-01-28 00:50:08.718096+00:00,0
ceb7c1c0-eba8-4ce3-b84f-93ce0fd0f427,anon_rankgen_002,N114135,2,0.7088301,2026-01-28 00:50:08.718096+00:00,0
ceb7c1c0-eba8-4ce3-b84f-93ce0fd0f427,anon_rankgen_002,N51509,3,0.70375425,2026-01-28 00:50:08.718096+00:00,0
ceb7c1c0-eba8-4ce3-b84f-93ce0fd0f427,anon_rankgen_002,N22468,4,0.66891253,2026-01-28 00:50:08.718096+00:00,0
ceb7c1c0-eba8-4ce3-b84f-93ce0fd0f427,anon_rankgen_002,N112881,5,0.65230644,2026-01-28 00:50:08.718096+00:00,0
ceb7c1c0-eba8-4ce3-b84f-93ce0fd0f427,anon_rankgen_002,N30443,6,0.6493826,2026-01-28 00:50:08.718096+00:00,0
ceb7c1c0-eba8-4ce3-b84f-93ce0fd0f427,anon_rankgen_002,N28648,7,0.6484507,2026-01-28 00:50:08.718096+00:00,1
ceb7c1c0-eba8-4ce3-b84f-93ce0fd0f427,anon_rankgen_002,N9142,8,0.6476692,2026-01-28 00:50:08.718096+00:00,0
ceb7c1c0-eba8-4ce3-b84f-93ce0fd0f427,anon_rankgen_002,N77634,9,0.6451638,2026-01-28 00:50:08.718096+00:00,0
ceb7c1c0-eba8-4ce3-b84f-93ce0fd0f427,anon_rankgen_002,N94403,10,0.6416352,2026-01-28 00:50:08.718096+00:00,0
782a5df6-cc43-479c-986f-a4a51814ed65,anon_rankgen_003,N87853,1,0.90287024,2026-01-28 00:50:09.072871+00:00,0
782a5df6-cc43-479c-986f-a4a51814ed65,anon_rankgen_003,N128946,2,0.7727239,2026-01-28 00:50:09.072871+00:00,0
782a5df6-cc43-479c-986f-a4a51814ed65,anon_rankgen_003,N46005,3,0.7514986,2026-01-28 00:50:09.072871+00:00,0
782a5df6-cc43-479c-986f-a4a51814ed65,anon_rankgen_003,N33805,4,0.74756813,2026-01-28 00:50:09.072871+00:00,1
782a5df6-cc43-479c-986f-a4a51814ed65,anon_rankgen_003,N102005,5,0.7357162,2026-01-28 00:50:09.072871+00:00,0
782a5df6-cc43-479c-986f-a4a51814ed65,anon_rankgen_003,N49158,6,0.7217097,2026-01-28 00:50:09.072871+00:00,0
782a5df6-cc43-479c-986f-a4a51814ed65,anon_rankgen_003,N79033,7,0.7128036,2026-01-28 00:50:09.072871+00:00,0
782a5df6-cc43-479c-986f-a4a51814ed65,anon_rankgen_003,N20492,8,0.7044178,2026-01-28 00:50:09.072871+00:00,0
782a5df6-cc43-479c-986f-a4a51814ed65,anon_rankgen_003,N107473,9,0.7021657,2026-01-28 00:50:09.072871+00:00,0
782a5df6-cc43-479c-986f-a4a51814ed65,anon_rankgen_003,N105407,10,0.6991966,2026-01-28 00:50:09.072871+00:00,0
3e07da17-a69f-487b-975c-c0c5d70c429a,anon_rankgen_003,N87853,1,0.8317804,2026-01-28 00:50:09.429174+00:00,0
3e07da17-a69f-487b-975c-c0c5d70c429a,anon_rankgen_003,N81806,2,0.8317804,2026-01-28 00:50:09.429174+00:00,0
3e07da17-a69f-487b-975c-c0c5d70c429a,anon_rankgen_003,N128946,3,0.7634873,2026-01-28 00:50:09.429174+00:00,0
3e07da17-a69f-487b-975c-c0c5d70c429a,anon_rankgen_003,N107473,4,0.73923194,2026-01-28 00:50:09.429174+00:00,0
3e07da17-a69f-487b-975c-c0c5d70c429a,anon_rankgen_003,N46005,5,0.7355123,2026-01-28 00:50:09.429174+00:00,0
3e07da17-a69f-487b-975c-c0c5d70c429a,anon_rankgen_003,N79033,6,0.72092056,2026-01-28 00:50:09.429174+00:00,0
3e07da17-a69f-487b-975c-c0c5d70c429a,anon_rankgen_003,N49158,7,0.7206054,2026-01-28 00:50:09.429174+00:00,1
3e07da17-a69f-487b-975c-c0c5d70c429a,anon_rankgen_003,N85472,8,0.71814173,2026-01-28 00:50:09.429174+00:00,0
3e07da17-a69f-487b-975c-c0c5d70c429a,anon_rankgen_003,N102005,9,0.714275,2026-01-28 00:50:09.429174+00:00,0
3e07da17-a69f-487b-975c-c0c5d70c429a,anon_rankgen_003,N41690,10,0.707029,2026-01-28 00:50:09.429174+00:00,1
c65f90fa-f800-4686-aef8-11b50293cf7c,anon_real_001,N31738,1,0.8807708,2026-01-28 00:50:09.803056+00:00,0
c65f90fa-f800-4686-aef8-11b50293cf7c,anon_real_001,N7940,2,0.86662954,2026-01-28 00:50:09.803056+00:00,0
c65f90fa-f800-4686-aef8-11b50293cf7c,anon_real_001,N73498,3,0.8497563,2026-01-28 00:50:09.803056+00:00,1
c65f90fa-f800-4686-aef8-11b50293cf7c,anon_real_001,N8082,4,0.84397393,2026-01-28 00:50:09.803056+00:00,0
c65f90fa-f800-4686-aef8-11b50293cf7c,anon_real_001,N59747,5,0.83355075,2026-01-28 00:50:09.803056+00:00,0
c65f90fa-f800-4686-aef8-11b50293cf7c,anon_real_001,N12308,6,0.8277865,2026-01-28 00:50:09.803056+00:00,0
c65f90fa-f800-4686-aef8-11b50293cf7c,anon_real_001,N16803,7,0.7964697,2026-01-28 00:50:09.803056+00:00,0
c65f90fa-f800-4686-aef8-11b50293cf7c,anon_real_001,N36338,8,0.7435601,2026-01-28 00:50:09.803056+00:00,0
c65f90fa-f800-4686-aef8-11b50293cf7c,anon_real_001,N8292,9,0.71703994,2026-01-28 00:50:09.803056+00:00,0
c65f90fa-f800-4686-aef8-11b50293cf7c,anon_real_001,N58031,10,0.6903082,2026-01-28 00:50:09.803056+00:00,0
31a211b8-37ca-40c8-be4a-0d91dec4a90a,anon_rankgen_002,N50907,1,0.80477154,2026-01-28 00:50:10.171064+00:00,0
31a211b8-37ca-40c8-be4a-0d91dec4a90a,anon_rankgen_002,N51509,2,0.71711355,2026-01-28 00:50:10.171064+00:00,0
31a211b8-37ca-40c8-be4a-0d91dec4a90a,anon_rankgen_002,N77634,3,0.6844045,2026-01-28 00:50:10.171064+00:00,0
31a211b8-37ca-40c8-be4a-0d91dec4a90a,anon_rankgen_002,N94403,4,0.6807511,2026-01-28 00:50:10.171064+00:00,1
31a211b8-37ca-40c8-be4a-0d91dec4a90a,anon_rankgen_002,N104347,5,0.6611137,2026-01-28 00:50:10.171064+00:00,0
31a211b8-37ca-40c8-be4a-0d91dec4a90a,anon_rankgen_002,N83157,6,0.6600518,2026-01-28 00:50:10.171064+00:00,0
31a211b8-37ca-40c8-be4a-0d91dec4a90a,anon_rankgen_002,N40799,7,0.65671146,2026-01-28 00:50:10.171064+00:00,0
31a211b8-37ca-40c8-be4a-0d91dec4a90a,anon_rankgen_002,N95245,8,0.6551317,2026-01-28 00:50:10.171064+00:00,0
31a211b8-37ca-40c8-be4a-0d91dec4a90a,anon_rankgen_002,N75290,9,0.65252566,2026-01-28 00:50:10.171064+00:00,0
31a211b8-37ca-40c8-be4a-0d91dec4a90a,anon_rankgen_002,N47784,10,0.65020674,2026-01-28 00:50:10.171064+00:00,1
2bc60950-42d9-4b9f-9060-c680a6de6cb1,anon_rankgen_002,N77634,1,0.7819709,2026-01-28 00:50:10.538311+00:00,0
2bc60950-42d9-4b9f-9060-c680a6de6cb1,anon_rankgen_002,N13379,2,0.7793903,2026-01-28 00:50:10.538311+00:00,0
2bc60950-42d9-4b9f-9060-c680a6de6cb1,anon_rankgen_002,N50907,3,0.7531309,2026-01-28 00:50:10.538311+00:00,0
2bc60950-42d9-4b9f-9060-c680a6de6cb1,anon_rankgen_002,N20004,4,0.742783,2026-01-28 00:50:10.538311+00:00,1
2bc60950-42d9-4b9f-9060-c680a6de6cb1,anon_rankgen_002,N83157,5,0.7225931,2026-01-28 00:50:10.538311+00:00,0
2bc60950-42d9-4b9f-9060-c680a6de6cb1,anon_rankgen_002,N107401,6,0.7118809,2026-01-28 00:50:10.538311+00:00,0
2bc60950-42d9-4b9f-9060-c680a6de6cb1,anon_rankgen_002,N51509,7,0.7031156,2026-01-28 00:50:10.538311+00:00,0
2bc60950-42d9-4b9f-9060-c680a6de6cb1,anon_rankgen_002,N104347,8,0.68396115,2026-01-28 00:50:10.538311+00:00,0
2bc60950-42d9-4b9f-9060-c680a6de6cb1,anon_rankgen_002,N84674,9,0.6816076,2026-01-28 00:50:10.538311+00:00,0
2bc60950-42d9-4b9f-9060-c680a6de6cb1,anon_rankgen_002,N95245,10,0.6811198,2026-01-28 00:50:10.538311+00:00,0
07c81d40-94f7-4033-8b27-91a7b58daa1d,anon_rankgen_002,N77634,1,0.7952775,2026-01-28 00:50:10.890183+00:00,0
07c81d40-94f7-4033-8b27-91a7b58daa1d,anon_rankgen_002,N13379,2,0.77255964,2026-01-28 00:50:10.890183+00:00,0
07c81d40-94f7-4033-8b27-91a7b58daa1d,anon_rankgen_002,N50907,3,0.7525941,2026-01-28 00:50:10.890183+00:00,1
07c81d40-94f7-4033-8b27-91a7b58daa1d,anon_rankgen_002,N83157,4,0.7224952,2026-01-28 00:50:10.890183+00:00,0
07c81d40-94f7-4033-8b27-91a7b58daa1d,anon_rankgen_002,N107401,5,0.7176672,2026-01-28 00:50:10.890183+00:00,0
07c81d40-94f7-4033-8b27-91a7b58daa1d,anon_rankgen_002,N95245,6,0.7029449,2026-01-28 00:50:10.890183+00:00,0
07c81d40-94f7-4033-8b27-91a7b58daa1d,anon_rankgen_002,N104347,7,0.70058346,2026-01-28 00:50:10.890183+00:00,0
07c81d40-94f7-4033-8b27-91a7b58daa1d,anon_rankgen_002,N51509,8,0.6995298,2026-01-28 00:50:10.890183+00:00,0
07c81d40-94f7-4033-8b27-91a7b58daa1d,anon_rankgen_002,N75290,9,0.6963319,2026-01-28 00:50:10.890183+00:00,0
07c81d40-94f7-4033-8b27-91a7b58daa1d,anon_rankgen_002,N84674,10,0.6952859,2026-01-28 00:50:10.890183+00:00,0
8c568500-b177-4945-9178-e5f0fd8d78ee,anon_rankgen_002,N97938,1,0.83003396,2026-01-28 00:50:11.247954+00:00,1
8c568500-b177-4945-9178-e5f0fd8d78ee,anon_rankgen_002,N77634,2,0.7809715,2026-01-28 00:50:11.247954+00:00,0
8c568500-b177-4945-9178-e5f0fd8d78ee,anon_rankgen_002,N13379,3,0.7755451,2026-01-28 00:50:11.247954+00:00,0
8c568500-b177-4945-9178-e5f0fd8d78ee,anon_rankgen_002,N51509,4,0.72907543,2026-01-28 00:50:11.247954+00:00,0
8c568500-b177-4945-9178-e5f0fd8d78ee,anon_rankgen_002,N84674,5,0.71698904,2026-01-28 00:50:11.247954+00:00,0
8c568500-b177-4945-9178-e5f0fd8d78ee,anon_rankgen_002,N83157,6,0.70898694,2026-01-28 00:50:11.247954+00:00,0
8c568500-b177-4945-9178-e5f0fd8d78ee,anon_rankgen_002,N107401,7,0.70729816,2026-01-28 00:50:11.247954+00:00,0
8c568500-b177-4945-9178-e5f0fd8d78ee,anon_rankgen_002,N95245,8,0.6947584,2026-01-28 00:50:11.247954+00:00,0
8c568500-b177-4945-9178-e5f0fd8d78ee,anon_rankgen_002,N55605,9,0.6901058,2026-01-28 00:50:11.247954+00:00,0
8c568500-b177-4945-9178-e5f0fd8d78ee,anon_rankgen_002,N104347,10,0.68581957,2026-01-28 00:50:11.247954+00:00,1
3f0bc04a-a5e9-4fc0-85aa-7d96d770139d,anon_rankgen_003,N20336,1,0.7697241,2026-01-28 00:50:11.602992+00:00,0
3f0bc04a-a5e9-4fc0-85aa-7d96d770139d,anon_rankgen_003,N102005,2,0.7591969,2026-01-28 00:50:11.602992+00:00,0
3f0bc04a-a5e9-4fc0-85aa-7d96d770139d,anon_rankgen_003,N128946,3,0.75717926,2026-01-28 00:50:11.602992+00:00,0
3f0bc04a-a5e9-4fc0-85aa-7d96d770139d,anon_rankgen_003,N94589,4,0.75458884,2026-01-28 00:50:11.602992+00:00,0
3f0bc04a-a5e9-4fc0-85aa-7d96d770139d,anon_rankgen_003,N107473,5,0.7484985,2026-01-28 00:50:11.602992+00:00,0
3f0bc04a-a5e9-4fc0-85aa-7d96d770139d,anon_rankgen_003,N42159,6,0.7380402,2026-01-28 00:50:11.602992+00:00,0
3f0bc04a-a5e9-4fc0-85aa-7d96d770139d,anon_rankgen_003,N85348,7,0.7379749,2026-01-28 00:50:11.602992+00:00,0
3f0bc04a-a5e9-4fc0-85aa-7d96d770139d,anon_rankgen_003,N87853,8,0.7379166,2026-01-28 00:50:11.602992+00:00,0
3f0bc04a-a5e9-4fc0-85aa-7d96d770139d,anon_rankgen_003,N81806,9,0.7379166,2026-01-28 00:50:11.602992+00:00,0
3f0bc04a-a5e9-4fc0-85aa-7d96d770139d,anon_rankgen_003,N85472,10,0.73736215,2026-01-28 00:50:11.602992+00:00,0
b89122dd-efa4-4cb3-910c-4e2c1213bacc,anon_rankgen_003,N20336,1,0.7697241,2026-01-28 00:50:11.950285+00:00,0
b89122dd-efa4-4cb3-910c-4e2c1213bacc,anon_rankgen_003,N102005,2,0.7591969,2026-01-28 00:50:11.950285+00:00,0
b89122dd-efa4-4cb3-910c-4e2c1213bacc,anon_rankgen_003,N128946,3,0.75717926,2026-01-28 00:50:11.950285+00:00,0
b89122dd-efa4-4cb3-910c-4e2c1213bacc,anon_rankgen_003,N94589,4,0.75458884,2026-01-28 00:50:11.950285+00:00,0
b89122dd-efa4-4cb3-910c-4e2c1213bacc,anon_rankgen_003,N107473,5,0.7484985,2026-01-28 00:50:11.950285+00:00,0
b89122dd-efa4-4cb3-910c-4e2c1213bacc,anon_rankgen_003,N42159,6,0.7380402,2026-01-28 00:50:11.950285+00:00,0
b89122dd-efa4-4cb3-910c-4e2c1213bacc,anon_rankgen_003,N85348,7,0.7379749,2026-01-28 00:50:11.950285+00:00,0
b89122dd-efa4-4cb3-910c-4e2c1213bacc,anon_rankgen_003,N87853,8,0.7379166,2026-01-28 00:50:11.950285+00:00,0
b89122dd-efa4-4cb3-910c-4e2c1213bacc,anon_rankgen_003,N81806,9,0.7379166,2026-01-28 00:50:11.950285+00:00,1
b89122dd-efa4-4cb3-910c-4e2c1213bacc,anon_rankgen_003,N85472,10,0.73736215,2026-01-28 00:50:11.950285+00:00,0
89c154eb-2265-4d57-9342-4ccbb7d63fad,anon_rankgen_002,N13379,1,0.7969207,2026-01-28 00:50:12.297111+00:00,0
89c154eb-2265-4d57-9342-4ccbb7d63fad,anon_rankgen_002,N51509,2,0.74758726,2026-01-28 00:50:12.297111+00:00,1
89c154eb-2265-4d57-9342-4ccbb7d63fad,anon_rankgen_002,N75290,3,0.71694994,2026-01-28 00:50:12.297111+00:00,0
89c154eb-2265-4d57-9342-4ccbb7d63fad,anon_rankgen_002,N77634,4,0.70648646,2026-01-28 00:50:12.297111+00:00,0
89c154eb-2265-4d57-9342-4ccbb7d63fad,anon_rankgen_002,N28648,5,0.70326596,2026-01-28 00:50:12.297111+00:00,0
89c154eb-2265-4d57-9342-4ccbb7d63fad,anon_rankgen_002,N47784,6,0.69887376,2026-01-28 00:50:12.297111+00:00,0
89c154eb-2265-4d57-9342-4ccbb7d63fad,anon_rankgen_002,N84674,7,0.6945107,2026-01-28 00:50:12.297111+00:00,0
89c154eb-2265-4d57-9342-4ccbb7d63fad,anon_rankgen_002,N55605,8,0.6937696,2026-01-28 00:50:12.297111+00:00,0
89c154eb-2265-4d57-9342-4ccbb7d63fad,anon_rankgen_002,N83157,9,0.6909694,2026-01-28 00:50:12.297111+00:00,0
89c154eb-2265-4d57-9342-4ccbb7d63fad,anon_rankgen_002,N95245,10,0.6888991,2026-01-28 00:50:12.297111+00:00,1
9ac5a9b7-2a5c-4602-9494-873ebd89d3ad,anon_real_001,N31738,1,0.9114319,2026-01-28 00:50:12.658214+00:00,0
9ac5a9b7-2a5c-4602-9494-873ebd89d3ad,anon_real_001,N7940,2,0.8757348,2026-01-28 00:50:12.658214+00:00,0
9ac5a9b7-2a5c-4602-9494-873ebd89d3ad,anon_real_001,N8082,3,0.84197885,2026-01-28 00:50:12.658214+00:00,0
9ac5a9b7-2a5c-4602-9494-873ebd89d3ad,anon_real_001,N12308,4,0.83843374,2026-01-28 00:50:12.658214+00:00,0
9ac5a9b7-2a5c-4602-9494-873ebd89d3ad,anon_real_001,N59747,5,0.83326924,2026-01-28 00:50:12.658214+00:00,0
9ac5a9b7-2a5c-4602-9494-873ebd89d3ad,anon_real_001,N55545,6,0.82412696,2026-01-28 00:50:12.658214+00:00,0
9ac5a9b7-2a5c-4602-9494-873ebd89d3ad,anon_real_001,N16803,7,0.7942543,2026-01-28 00:50:12.658214+00:00,1
9ac5a9b7-2a5c-4602-9494-873ebd89d3ad,anon_real_001,N36338,8,0.76188564,2026-01-28 00:50:12.658214+00:00,0
9ac5a9b7-2a5c-4602-9494-873ebd89d3ad,anon_real_001,N8292,9,0.7151236,2026-01-28 00:50:12.658214+00:00,0
9ac5a9b7-2a5c-4602-9494-873ebd89d3ad,anon_real_001,N56536,10,0.7002395,2026-01-28 00:50:12.658214+00:00,0
49663072-8bd4-4799-a92d-8922110f45ef,anon_real_001,N31738,1,0.9094876,2026-01-28 00:50:13.002329+00:00,0
49663072-8bd4-4799-a92d-8922110f45ef,anon_real_001,N7940,2,0.86070025,2026-01-28 00:50:13.002329+00:00,0
49663072-8bd4-4799-a92d-8922110f45ef,anon_real_001,N55545,3,0.8533714,2026-01-28 00:50:13.002329+00:00,0
49663072-8bd4-4799-a92d-8922110f45ef,anon_real_001,N8082,4,0.8501419,2026-01-28 00:50:13.002329+00:00,0
49663072-8bd4-4799-a92d-8922110f45ef,anon_real_001,N59747,5,0.8423395,2026-01-28 00:50:13.002329+00:00,0
49663072-8bd4-4799-a92d-8922110f45ef,anon_real_001,N12308,6,0.82545674,2026-01-28 00:50:13.002329+00:00,0
49663072-8bd4-4799-a92d-8922110f45ef,anon_real_001,N22354,7,0.7816659,2026-01-28 00:50:13.002329+00:00,0
49663072-8bd4-4799-a92d-8922110f45ef,anon_real_001,N36338,8,0.76925766,2026-01-28 00:50:13.002329+00:00,0
49663072-8bd4-4799-a92d-8922110f45ef,anon_real_001,N8292,9,0.7182026,2026-01-28 00:50:13.002329+00:00,0
49663072-8bd4-4799-a92d-8922110f45ef,anon_real_001,N58031,10,0.6953062,2026-01-28 00:50:13.002329+00:00,1
69c0da00-0c5b-4945-905a-2bfbe26240c3,anon_real_001,N31738,1,0.91100645,2026-01-28 00:50:13.358751+00:00,0
69c0da00-0c5b-4945-905a-2bfbe26240c3,anon_real_001,N8082,2,0.85124487,2026-01-28 00:50:13.358751+00:00,0
69c0da00-0c5b-4945-905a-2bfbe26240c3,anon_real_001,N55545,3,0.8482709,2026-01-28 00:50:13.358751+00:00,0
69c0da00-0c5b-4945-905a-2bfbe26240c3,anon_real_001,N7940,4,0.84513134,2026-01-28 00:50:13.358751+00:00,0
69c0da00-0c5b-4945-905a-2bfbe26240c3,anon_real_001,N59747,5,0.8406109,2026-01-28 00:50:13.358751+00:00,0
69c0da00-0c5b-4945-905a-2bfbe26240c3,anon_real_001,N12308,6,0.8180059,2026-01-28 00:50:13.358751+00:00,0
69c0da00-0c5b-4945-905a-2bfbe26240c3,anon_real_001,N36338,7,0.7893784,2026-01-28 00:50:13.358751+00:00,0
69c0da00-0c5b-4945-905a-2bfbe26240c3,anon_real_001,N22354,8,0.76959604,2026-01-28 00:50:13.358751+00:00,0
69c0da00-0c5b-4945-905a-2bfbe26240c3,anon_real_001,N125941,9,0.7414009,2026-01-28 00:50:13.358751+00:00,0
69c0da00-0c5b-4945-905a-2bfbe26240c3,anon_real_001,N8292,10,0.7269823,2026-01-28 00:50:13.358751+00:00,0
37e5ee2b-4ded-4183-a35e-7bbf7b77f5c9,anon_rankgen_002,N13379,1,0.8215364,2026-01-28 00:50:13.711301+00:00,0
37e5ee2b-4ded-4183-a35e-7bbf7b77f5c9,anon_rankgen_002,N75290,2,0.731215,2026-01-28 00:50:13.711301+00:00,0
37e5ee2b-4ded-4183-a35e-7bbf7b77f5c9,anon_rankgen_002,N20004,3,0.72730434,2026-01-28 00:50:13.711301+00:00,0
37e5ee2b-4ded-4183-a35e-7bbf7b77f5c9,anon_rankgen_002,N77634,4,0.72062576,2026-01-28 00:50:13.711301+00:00,1
37e5ee2b-4ded-4183-a35e-7bbf7b77f5c9,anon_rankgen_002,N47784,5,0.7096969,2026-01-28 00:50:13.711301+00:00,0
37e5ee2b-4ded-4183-a35e-7bbf7b77f5c9,anon_rankgen_002,N84674,6,0.70849574,2026-01-28 00:50:13.711301+00:00,0
37e5ee2b-4ded-4183-a35e-7bbf7b77f5c9,anon_rankgen_002,N55605,7,0.70418906,2026-01-28 00:50:13.711301+00:00,0
37e5ee2b-4ded-4183-a35e-7bbf7b77f5c9,anon_rankgen_002,N22468,8,0.6955847,2026-01-28 00:50:13.711301+00:00,0
37e5ee2b-4ded-4183-a35e-7bbf7b77f5c9,anon_rankgen_002,N83157,9,0.69408596,2026-01-28 00:50:13.711301+00:00,0
37e5ee2b-4ded-4183-a35e-7bbf7b77f5c9,anon_rankgen_002,N94403,10,0.6934663,2026-01-28 00:50:13.711301+00:00,0
90c50549-8aae-437d-a513-5811d7ff394a,anon_real_001,N31738,1,0.91100645,2026-01-28 00:50:14.063851+00:00,0
90c50549-8aae-437d-a513-5811d7ff394a,anon_real_001,N8082,2,0.85124487,2026-01-28 00:50:14.063851+00:00,0
90c50549-8aae-437d-a513-5811d7ff394a,anon_real_001,N55545,3,0.8482709,2026-01-28 00:50:14.063851+00:00,0
90c50549-8aae-437d-a513-5811d7ff394a,anon_real_001,N7940,4,0.84513134,2026-01-28 00:50:14.063851+00:00,0
90c50549-8aae-437d-a513-5811d7ff394a,anon_real_001,N59747,5,0.8406109,2026-01-28 00:50:14.063851+00:00,0
90c50549-8aae-437d-a513-5811d7ff394a,anon_real_001,N12308,6,0.8180059,2026-01-28 00:50:14.063851+00:00,0
90c50549-8aae-437d-a513-5811d7ff394a,anon_real_001,N36338,7,0.7893784,2026-01-28 00:50:14.063851+00:00,0
90c50549-8aae-437d-a513-5811d7ff394a,anon_real_001,N22354,8,0.76959604,2026-01-28 00:50:14.063851+00:00,0
90c50549-8aae-437d-a513-5811d7ff394a,anon_real_001,N125941,9,0.7414009,2026-01-28 00:50:14.063851+00:00,0
90c50549-8aae-437d-a513-5811d7ff394a,anon_real_001,N8292,10,0.7269823,2026-01-28 00:50:14.063851+00:00,0
7be1dc48-600f-4600-bd83-b7274f320ad5,anon_real_001,N31738,1,0.91100645,2026-01-28 00:50:14.409562+00:00,0
7be1dc48-600f-4600-bd83-b7274f320ad5,anon_real_001,N8082,2,0.85124487,2026-01-28 00:50:14.409562+00:00,0
7be1dc48-600f-4600-bd83-b7274f320ad5,anon_real_001,N55545,3,0.8482709,2026-01-28 00:50:14.409562+00:00,0
7be1dc48-600f-4600-bd83-b7274f320ad5,anon_real_001,N7940,4,0.84513134,2026-01-28 00:50:14.409562+00:00,0
7be1dc48-600f-4600-bd83-b7274f320ad5,anon_real_001,N59747,5,0.8406109,2026-01-28 00:50:14.409562+00:00,0
7be1dc48-600f-4600-bd83-b7274f320ad5,anon_real_001,N12308,6,0.8180059,2026-01-28 00:50:14.409562+00:00,0
7be1dc48-600f-4600-bd83-b7274f320ad5,anon_real_001,N36338,7,0.7893784,2026-01-28 00:50:14.409562+00:00,0
7be1dc48-600f-4600-bd83-b7274f320ad5,anon_real_001,N22354,8,0.76959604,2026-01-28 00:50:14.409562+00:00,0
7be1dc48-600f-4600-bd83-b7274f320ad5,anon_real_001,N125941,9,0.7414009,2026-01-28 00:50:14.409562+00:00,0
7be1dc48-600f-4600-bd83-b7274f320ad5,anon_real_001,N8292,10,0.7269823,2026-01-28 00:50:14.409562+00:00,0
124a9c55-70e3-43d4-af25-43a8ff49e727,anon_rankgen_002,N13379,1,0.8184498,2026-01-28 00:50:14.740477+00:00,0
124a9c55-70e3-43d4-af25-43a8ff49e727,anon_rankgen_002,N47784,2,0.80953336,2026-01-28 00:50:14.740477+00:00,0
124a9c55-70e3-43d4-af25-43a8ff49e727,anon_rankgen_002,N50907,3,0.7694102,2026-01-28 00:50:14.740477+00:00,0
124a9c55-70e3-43d4-af25-43a8ff49e727,anon_rankgen_002,N75290,4,0.766204,2026-01-28 00:50:14.740477+00:00,0
124a9c55-70e3-43d4-af25-43a8ff49e727,anon_rankgen_002,N83157,5,0.73004663,2026-01-28 00:50:14.740477+00:00,1
124a9c55-70e3-43d4-af25-43a8ff49e727,anon_rankgen_002,N84674,6,0.7202222,2026-01-28 00:50:14.740477+00:00,0
124a9c55-70e3-43d4-af25-43a8ff49e727,anon_rankgen_002,N94403,7,0.71405053,2026-01-28 00:50:14.740477+00:00,1
124a9c55-70e3-43d4-af25-43a8ff49e727,anon_rankgen_002,N55605,8,0.7084904,2026-01-28 00:50:14.740477+00:00,0
124a9c55-70e3-43d4-af25-43a8ff49e727,anon_rankgen_002,N20004,9,0.703226,2026-01-28 00:50:14.740477+00:00,0
124a9c55-70e3-43d4-af25-43a8ff49e727,anon_rankgen_002,N4156,10,0.70198584,2026-01-28 00:50:14.740477+00:00,0
81d2e227-cf06-41e5-bcbd-d28490b22636,anon_rankgen_003,N87853,1,0.8022945,2026-01-28 00:50:15.099644+00:00,0
81d2e227-cf06-41e5-bcbd-d28490b22636,anon_rankgen_003,N85348,2,0.7914517,2026-01-28 00:50:15.099644+00:00,0
81d2e227-cf06-41e5-bcbd-d28490b22636,anon_rankgen_003,N128946,3,0.7771299,2026-01-28 00:50:15.099644+00:00,0
81d2e227-cf06-41e5-bcbd-d28490b22636,anon_rankgen_003,N20336,4,0.7675166,2026-01-28 00:50:15.099644+00:00,0
81d2e227-cf06-41e5-bcbd-d28490b22636,anon_rankgen_003,N107473,5,0.7551991,2026-01-28 00:50:15.099644+00:00,0
81d2e227-cf06-41e5-bcbd-d28490b22636,anon_rankgen_003,N94589,6,0.74735403,2026-01-28 00:50:15.099644+00:00,0
81d2e227-cf06-41e5-bcbd-d28490b22636,anon_rankgen_003,N42159,7,0.74419475,2026-01-28 00:50:15.099644+00:00,0
81d2e227-cf06-41e5-bcbd-d28490b22636,anon_rankgen_003,N40041,8,0.7404437,2026-01-28 00:50:15.099644+00:00,0
81d2e227-cf06-41e5-bcbd-d28490b22636,anon_rankgen_003,N102005,9,0.7377357,2026-01-28 00:50:15.099644+00:00,0
81d2e227-cf06-41e5-bcbd-d28490b22636,anon_rankgen_003,N85472,10,0.7376512,2026-01-28 00:50:15.099644+00:00,0
0233229d-c6c6-4446-a8f4-925d0a3ddc62,anon_rankgen_003,N87853,1,0.8022945,2026-01-28 00:50:15.443965+00:00,0
0233229d-c6c6-4446-a8f4-925d0a3ddc62,anon_rankgen_003,N85348,2,0.7914517,2026-01-28 00:50:15.443965+00:00,0
0233229d-c6c6-4446-a8f4-925d0a3ddc62,anon_rankgen_003,N128946,3,0.7771299,2026-01-28 00:50:15.443965+00:00,0
0233229d-c6c6-4446-a8f4-925d0a3ddc62,anon_rankgen_003,N20336,4,0.7675166,2026-01-28 00:50:15.443965+00:00,0
0233229d-c6c6-4446-a8f4-925d0a3ddc62,anon_rankgen_003,N107473,5,0.7551991,2026-01-28 00:50:15.443965+00:00,0
0233229d-c6c6-4446-a8f4-925d0a3ddc62,anon_rankgen_003,N94589,6,0.74735403,2026-01-28 00:50:15.443965+00:00,0
0233229d-c6c6-4446-a8f4-925d0a3ddc62,anon_rankgen_003,N42159,7,0.74419475,2026-01-28 00:50:15.443965+00:00,0
0233229d-c6c6-4446-a8f4-925d0a3ddc62,anon_rankgen_003,N40041,8,0.7404437,2026-01-28 00:50:15.443965+00:00,0
0233229d-c6c6-4446-a8f4-925d0a3ddc62,anon_rankgen_003,N102005,9,0.7377357,2026-01-28 00:50:15.443965+00:00,0
0233229d-c6c6-4446-a8f4-925d0a3ddc62,anon_rankgen_003,N85472,10,0.7376512,2026-01-28 00:50:15.443965+00:00,1
b43b6203-ad80-4ddf-88d2-482b57dd480b,anon_real_001,N31738,1,0.91100645,2026-01-28 00:50:15.801939+00:00,0
b43b6203-ad80-4ddf-88d2-482b57dd480b,anon_real_001,N8082,2,0.85124487,2026-01-28 00:50:15.801939+00:00,0
b43b6203-ad80-4ddf-88d2-482b57dd480b,anon_real_001,N55545,3,0.8482709,2026-01-28 00:50:15.801939+00:00,0
b43b6203-ad80-4ddf-88d2-482b57dd480b,anon_real_001,N7940,4,0.84513134,2026-01-28 00:50:15.801939+00:00,0
b43b6203-ad80-4ddf-88d2-482b57dd480b,anon_real_001,N59747,5,0.8406109,2026-01-28 00:50:15.801939+00:00,0
b43b6203-ad80-4ddf-88d2-482b57dd480b,anon_real_001,N12308,6,0.8180059,2026-01-28 00:50:15.801939+00:00,0
b43b6203-ad80-4ddf-88d2-482b57dd480b,anon_real_001,N36338,7,0.7893784,2026-01-28 00:50:15.801939+00:00,0
b43b6203-ad80-4ddf-88d2-482b57dd480b,anon_real_001,N22354,8,0.76959604,2026-01-28 00:50:15.801939+00:00,0
b43b6203-ad80-4ddf-88d2-482b57dd480b,anon_real_001,N125941,9,0.7414009,2026-01-28 00:50:15.801939+00:00,0
b43b6203-ad80-4ddf-88d2-482b57dd480b,anon_real_001,N8292,10,0.7269823,2026-01-28 00:50:15.801939+00:00,1
5f91e104-9fc4-4252-9018-ea5e5f027f0b,anon_rankgen_003,N69379,1,0.8207488,2026-01-28 00:50:16.146939+00:00,0
5f91e104-9fc4-4252-9018-ea5e5f027f0b,anon_rankgen_003,N87853,2,0.81085324,2026-01-28 00:50:16.146939+00:00,1
5f91e104-9fc4-4252-9018-ea5e5f027f0b,anon_rankgen_003,N85348,3,0.80595285,2026-01-28 00:50:16.146939+00:00,0
5f91e104-9fc4-4252-9018-ea5e5f027f0b,anon_rankgen_003,N20336,4,0.77504957,2026-01-28 00:50:16.146939+00:00,0
5f91e104-9fc4-4252-9018-ea5e5f027f0b,anon_rankgen_003,N128946,5,0.76616067,2026-01-28 00:50:16.146939+00:00,0
5f91e104-9fc4-4252-9018-ea5e5f027f0b,anon_rankgen_003,N107473,6,0.7550756,2026-01-28 00:50:16.146939+00:00,0
5f91e104-9fc4-4252-9018-ea5e5f027f0b,anon_rankgen_003,N40041,7,0.7485247,2026-01-28 00:50:16.146939+00:00,0
5f91e104-9fc4-4252-9018-ea5e5f027f0b,anon_rankgen_003,N102005,8,0.73657316,2026-01-28 00:50:16.146939+00:00,0
5f91e104-9fc4-4252-9018-ea5e5f027f0b,anon_rankgen_003,N41154,9,0.7340791,2026-01-28 00:50:16.146939+00:00,0
5f91e104-9fc4-4252-9018-ea5e5f027f0b,anon_rankgen_003,N51359,10,0.72956645,2026-01-28 00:50:16.146939+00:00,0
d73dbc1d-855e-441b-b652-5f959c9ae7f6,anon_rankgen_003,N85348,1,0.8317894,2026-01-28 00:50:16.494968+00:00,0
d73dbc1d-855e-441b-b652-5f959c9ae7f6,anon_rankgen_003,N69379,2,0.7855247,2026-01-28 00:50:16.494968+00:00,1
d73dbc1d-855e-441b-b652-5f959c9ae7f6,anon_rankgen_003,N128946,3,0.77430475,2026-01-28 00:50:16.494968+00:00,0
d73dbc1d-855e-441b-b652-5f959c9ae7f6,anon_rankgen_003,N40041,4,0.76959,2026-01-28 00:50:16.494968+00:00,0
d73dbc1d-855e-441b-b652-5f959c9ae7f6,anon_rankgen_003,N102005,5,0.7567911,2026-01-28 00:50:16.494968+00:00,0
d73dbc1d-855e-441b-b652-5f959c9ae7f6,anon_rankgen_003,N41154,6,0.7484578,2026-01-28 00:50:16.494968+00:00,0
d73dbc1d-855e-441b-b652-5f959c9ae7f6,anon_rankgen_003,N20336,7,0.7481495,2026-01-28 00:50:16.494968+00:00,0
d73dbc1d-855e-441b-b652-5f959c9ae7f6,anon_rankgen_003,N51359,8,0.7467362,2026-01-28 00:50:16.494968+00:00,0
d73dbc1d-855e-441b-b652-5f959c9ae7f6,anon_rankgen_003,N46005,9,0.7331816,2026-01-28 00:50:16.494968+00:00,0
d73dbc1d-855e-441b-b652-5f959c9ae7f6,anon_rankgen_003,N94589,10,0.7255089,2026-01-28 00:50:16.494968+00:00,1
d4e431fd-36f2-41ec-8e75-011f52f53355,anon_rankgen_003,N85348,1,0.83579355,2026-01-28 00:50:16.858235+00:00,0
d4e431fd-36f2-41ec-8e75-011f52f53355,anon_rankgen_003,N49158,2,0.78408223,2026-01-28 00:50:16.858235+00:00,0
d4e431fd-36f2-41ec-8e75-011f52f53355,anon_rankgen_003,N40041,3,0.76886576,2026-01-28 00:50:16.858235+00:00,0
d4e431fd-36f2-41ec-8e75-011f52f53355,anon_rankgen_003,N102005,4,0.76127285,2026-01-28 00:50:16.858235+00:00,0
d4e431fd-36f2-41ec-8e75-011f52f53355,anon_rankgen_003,N128946,5,0.7608216,2026-01-28 00:50:16.858235+00:00,1
d4e431fd-36f2-41ec-8e75-011f52f53355,anon_rankgen_003,N46005,6,0.75836927,2026-01-28 00:50:16.858235+00:00,0
d4e431fd-36f2-41ec-8e75-011f52f53355,anon_rankgen_003,N51359,7,0.7322676,2026-01-28 00:50:16.858235+00:00,0
d4e431fd-36f2-41ec-8e75-011f52f53355,anon_rankgen_003,N33805,8,0.7316345,2026-01-28 00:50:16.858235+00:00,0
d4e431fd-36f2-41ec-8e75-011f52f53355,anon_rankgen_003,N41690,9,0.7307518,2026-01-28 00:50:16.858235+00:00,0
d4e431fd-36f2-41ec-8e75-011f52f53355,anon_rankgen_003,N42159,10,0.7300477,2026-01-28 00:50:16.858235+00:00,0
ee4d7165-7045-4d03-9e44-76b0523f973f,anon_real_001,N31738,1,0.8752631,2026-01-28 00:50:17.208727+00:00,0
ee4d7165-7045-4d03-9e44-76b0523f973f,anon_real_001,N8082,2,0.84319496,2026-01-28 00:50:17.208727+00:00,0
ee4d7165-7045-4d03-9e44-76b0523f973f,anon_real_001,N55545,3,0.83607644,2026-01-28 00:50:17.208727+00:00,0
ee4d7165-7045-4d03-9e44-76b0523f973f,anon_real_001,N59747,4,0.8316512,2026-01-28 00:50:17.208727+00:00,0
ee4d7165-7045-4d03-9e44-76b0523f973f,anon_real_001,N7940,5,0.8217219,2026-01-28 00:50:17.208727+00:00,0
ee4d7165-7045-4d03-9e44-76b0523f973f,anon_real_001,N110783,6,0.8192885,2026-01-28 00:50:17.208727+00:00,0
ee4d7165-7045-4d03-9e44-76b0523f973f,anon_real_001,N36338,7,0.804331,2026-01-28 00:50:17.208727+00:00,0
ee4d7165-7045-4d03-9e44-76b0523f973f,anon_real_001,N12308,8,0.7891279,2026-01-28 00:50:17.208727+00:00,0
ee4d7165-7045-4d03-9e44-76b0523f973f,anon_real_001,N22354,9,0.75978845,2026-01-28 00:50:17.208727+00:00,1
ee4d7165-7045-4d03-9e44-76b0523f973f,anon_real_001,N125941,10,0.74282837,2026-01-28 00:50:17.208727+00:00,0
7fca2555-4973-4675-87da-aeaf62632eee,anon_rankgen_003,N81806,1,0.83378613,2026-01-28 00:50:17.567585+00:00,0
7fca2555-4973-4675-87da-aeaf62632eee,anon_rankgen_003,N85348,2,0.81733507,2026-01-28 00:50:17.567585+00:00,1
7fca2555-4973-4675-87da-aeaf62632eee,anon_rankgen_003,N49158,3,0.80221784,2026-01-28 00:50:17.567585+00:00,1
7fca2555-4973-4675-87da-aeaf62632eee,anon_rankgen_003,N41690,4,0.7662243,2026-01-28 00:50:17.567585+00:00,0
7fca2555-4973-4675-87da-aeaf62632eee,anon_rankgen_003,N46005,5,0.7630508,2026-01-28 00:50:17.567585+00:00,0
7fca2555-4973-4675-87da-aeaf62632eee,anon_rankgen_003,N40041,6,0.7566129,2026-01-28 00:50:17.567585+00:00,0
7fca2555-4973-4675-87da-aeaf62632eee,anon_rankgen_003,N42159,7,0.75153553,2026-01-28 00:50:17.567585+00:00,0
7fca2555-4973-4675-87da-aeaf62632eee,anon_rankgen_003,N51359,8,0.7512349,2026-01-28 00:50:17.567585+00:00,0
7fca2555-4973-4675-87da-aeaf62632eee,anon_rankgen_003,N102005,9,0.7433611,2026-01-28 00:50:17.567585+00:00,0
7fca2555-4973-4675-87da-aeaf62632eee,anon_rankgen_003,N41154,10,0.73928726,2026-01-28 00:50:17.567585+00:00,0
36538054-61eb-484a-a6ff-1e3734549372,anon_rankgen_003,N87853,1,0.7902968,2026-01-28 00:50:17.933452+00:00,0
36538054-61eb-484a-a6ff-1e3734549372,anon_rankgen_003,N81806,2,0.7902968,2026-01-28 00:50:17.933452+00:00,0
36538054-61eb-484a-a6ff-1e3734549372,anon_rankgen_003,N51359,3,0.7605355,2026-01-28 00:50:17.933452+00:00,0
36538054-61eb-484a-a6ff-1e3734549372,anon_rankgen_003,N42159,4,0.75911367,2026-01-28 00:50:17.933452+00:00,0
36538054-61eb-484a-a6ff-1e3734549372,anon_rankgen_003,N46005,5,0.756294,2026-01-28 00:50:17.933452+00:00,0
36538054-61eb-484a-a6ff-1e3734549372,anon_rankgen_003,N102005,6,0.75117517,2026-01-28 00:50:17.933452+00:00,1
36538054-61eb-484a-a6ff-1e3734549372,anon_rankgen_003,N41690,7,0.7452725,2026-01-28 00:50:17.933452+00:00,0
36538054-61eb-484a-a6ff-1e3734549372,anon_rankgen_003,N40041,8,0.7387173,2026-01-28 00:50:17.933452+00:00,0
36538054-61eb-484a-a6ff-1e3734549372,anon_rankgen_003,N20336,9,0.72125864,2026-01-28 00:50:17.933452+00:00,0
36538054-61eb-484a-a6ff-1e3734549372,anon_rankgen_003,N125088,10,0.7198304,2026-01-28 00:50:17.933452+00:00,0
692990ef-58f8-4d4f-a3fd-e968b803d2cb,anon_rankgen_003,N87853,1,0.82471466,2026-01-28 00:50:18.275662+00:00,0
692990ef-58f8-4d4f-a3fd-e968b803d2cb,anon_rankgen_003,N81806,2,0.82471466,2026-01-28 00:50:18.275662+00:00,0
692990ef-58f8-4d4f-a3fd-e968b803d2cb,anon_rankgen_003,N40041,3,0.79495126,2026-01-28 00:50:18.275662+00:00,0
692990ef-58f8-4d4f-a3fd-e968b803d2cb,anon_rankgen_003,N51359,4,0.79239655,2026-01-28 00:50:18.275662+00:00,0
692990ef-58f8-4d4f-a3fd-e968b803d2cb,anon_rankgen_003,N69379,5,0.78539467,2026-01-28 00:50:18.275662+00:00,0
692990ef-58f8-4d4f-a3fd-e968b803d2cb,anon_rankgen_003,N46005,6,0.77559197,2026-01-28 00:50:18.275662+00:00,0
692990ef-58f8-4d4f-a3fd-e968b803d2cb,anon_rankgen_003,N79033,7,0.75635475,2026-01-28 00:50:18.275662+00:00,0
692990ef-58f8-4d4f-a3fd-e968b803d2cb,anon_rankgen_003,N71667,8,0.7432893,2026-01-28 00:50:18.275662+00:00,0
692990ef-58f8-4d4f-a3fd-e968b803d2cb,anon_rankgen_003,N107473,9,0.73820853,2026-01-28 00:50:18.275662+00:00,0
692990ef-58f8-4d4f-a3fd-e968b803d2cb,anon_rankgen_003,N61227,10,0.7377801,2026-01-28 00:50:18.275662+00:00,0
c7fb4eda-a0b0-43a7-a9a4-aa5bac4e8182,anon_rankgen_002,N47784,1,0.82617,2026-01-28 00:50:18.618139+00:00,0
c7fb4eda-a0b0-43a7-a9a4-aa5bac4e8182,anon_rankgen_002,N97938,2,0.7967973,2026-01-28 00:50:18.618139+00:00,0
c7fb4eda-a0b0-43a7-a9a4-aa5bac4e8182,anon_rankgen_002,N13379,3,0.76199687,2026-01-28 00:50:18.618139+00:00,0
c7fb4eda-a0b0-43a7-a9a4-aa5bac4e8182,anon_rankgen_002,N84674,4,0.73280716,2026-01-28 00:50:18.618139+00:00,1
c7fb4eda-a0b0-43a7-a9a4-aa5bac4e8182,anon_rankgen_002,N75290,5,0.7265716,2026-01-28 00:50:18.618139+00:00,0
c7fb4eda-a0b0-43a7-a9a4-aa5bac4e8182,anon_rankgen_002,N104347,6,0.722998,2026-01-28 00:50:18.618139+00:00,0
c7fb4eda-a0b0-43a7-a9a4-aa5bac4e8182,anon_rankgen_002,N50907,7,0.71862495,2026-01-28 00:50:18.618139+00:00,0
c7fb4eda-a0b0-43a7-a9a4-aa5bac4e8182,anon_rankgen_002,N28648,8,0.7116032,2026-01-28 00:50:18.618139+00:00,0
c7fb4eda-a0b0-43a7-a9a4-aa5bac4e8182,anon_rankgen_002,N4156,9,0.70610213,2026-01-28 00:50:18.618139+00:00,1
c7fb4eda-a0b0-43a7-a9a4-aa5bac4e8182,anon_rankgen_002,N46896,10,0.6980492,2026-01-28 00:50:18.618139+00:00,0
b2ee141b-e988-4d90-8d9b-23e28c07244b,anon_real_001,N31738,1,0.88637066,2026-01-28 00:50:18.985285+00:00,0
b2ee141b-e988-4d90-8d9b-23e28c07244b,anon_real_001,N8082,2,0.86423844,2026-01-28 00:50:18.985285+00:00,0
b2ee141b-e988-4d90-8d9b-23e28c07244b,anon_real_001,N59747,3,0.8541994,2026-01-28 00:50:18.985285+00:00,0
b2ee141b-e988-4d90-8d9b-23e28c07244b,anon_real_001,N55545,4,0.8328258,2026-01-28 00:50:18.985285+00:00,0
b2ee141b-e988-4d90-8d9b-23e28c07244b,anon_real_001,N110783,5,0.8266492,2026-01-28 00:50:18.985285+00:00,0
b2ee141b-e988-4d90-8d9b-23e28c07244b,anon_real_001,N7940,6,0.8262893,2026-01-28 00:50:18.985285+00:00,1
b2ee141b-e988-4d90-8d9b-23e28c07244b,anon_real_001,N36338,7,0.8131105,2026-01-28 00:50:18.985285+00:00,0
b2ee141b-e988-4d90-8d9b-23e28c07244b,anon_real_001,N12308,8,0.7978478,2026-01-28 00:50:18.985285+00:00,0
b2ee141b-e988-4d90-8d9b-23e28c07244b,anon_real_001,N54981,9,0.7871045,2026-01-28 00:50:18.985285+00:00,0
b2ee141b-e988-4d90-8d9b-23e28c07244b,anon_real_001,N125941,10,0.72453463,2026-01-28 00:50:18.985285+00:00,0
52279fa9-d8d3-4ee7-8b7b-773f1bb8ca5f,anon_rankgen_003,N87853,1,0.82471466,2026-01-28 00:50:19.355823+00:00,0
52279fa9-d8d3-4ee7-8b7b-773f1bb8ca5f,anon_rankgen_003,N81806,2,0.82471466,2026-01-28 00:50:19.355823+00:00,0
52279fa9-d8d3-4ee7-8b7b-773f1bb8ca5f,anon_rankgen_003,N40041,3,0.79495126,2026-01-28 00:50:19.355823+00:00,0
52279fa9-d8d3-4ee7-8b7b-773f1bb8ca5f,anon_rankgen_003,N51359,4,0.79239655,2026-01-28 00:50:19.355823+00:00,0
52279fa9-d8d3-4ee7-8b7b-773f1bb8ca5f,anon_rankgen_003,N69379,5,0.78539467,2026-01-28 00:50:19.355823+00:00,0
52279fa9-d8d3-4ee7-8b7b-773f1bb8ca5f,anon_rankgen_003,N46005,6,0.77559197,2026-01-28 00:50:19.355823+00:00,0
52279fa9-d8d3-4ee7-8b7b-773f1bb8ca5f,anon_rankgen_003,N79033,7,0.75635475,2026-01-28 00:50:19.355823+00:00,0
52279fa9-d8d3-4ee7-8b7b-773f1bb8ca5f,anon_rankgen_003,N71667,8,0.7432893,2026-01-28 00:50:19.355823+00:00,0
52279fa9-d8d3-4ee7-8b7b-773f1bb8ca5f,anon_rankgen_003,N107473,9,0.73820853,2026-01-28 00:50:19.355823+00:00,0
52279fa9-d8d3-4ee7-8b7b-773f1bb8ca5f,anon_rankgen_003,N61227,10,0.7377801,2026-01-28 00:50:19.355823+00:00,0
2dfd2918-4264-4c6e-bd5b-a7fe59a06590,anon_real_001,N31738,1,0.85809076,2026-01-28 00:50:19.704312+00:00,0
2dfd2918-4264-4c6e-bd5b-a7fe59a06590,anon_real_001,N8082,2,0.8475785,2026-01-28 00:50:19.704312+00:00,0
2dfd2918-4264-4c6e-bd5b-a7fe59a06590,anon_real_001,N73498,3,0.83888096,2026-01-28 00:50:19.704312+00:00,0
2dfd2918-4264-4c6e-bd5b-a7fe59a06590,anon_real_001,N59747,4,0.83790255,2026-01-28 00:50:19.704312+00:00,1
2dfd2918-4264-4c6e-bd5b-a7fe59a06590,anon_real_001,N12308,5,0.81895083,2026-01-28 00:50:19.704312+00:00,0
2dfd2918-4264-4c6e-bd5b-a7fe59a06590,anon_real_001,N54981,6,0.8163523,2026-01-28 00:50:19.704312+00:00,0
2dfd2918-4264-4c6e-bd5b-a7fe59a06590,anon_real_001,N55545,7,0.814975,2026-01-28 00:50:19.704312+00:00,0
2dfd2918-4264-4c6e-bd5b-a7fe59a06590,anon_real_001,N110783,8,0.8066834,2026-01-28 00:50:19.704312+00:00,1
2dfd2918-4264-4c6e-bd5b-a7fe59a06590,anon_real_001,N36338,9,0.80350137,2026-01-28 00:50:19.704312+00:00,0
2dfd2918-4264-4c6e-bd5b-a7fe59a06590,anon_real_001,N125941,10,0.7432989,2026-01-28 00:50:19.704312+00:00,0
fc0a87d3-b2bd-430a-a588-17cbe6434f24,anon_real_001,N31738,1,0.8994473,2026-01-28 00:50:19.985553+00:00,0
fc0a87d3-b2bd-430a-a588-17cbe6434f24,anon_real_001,N8082,2,0.89846814,2026-01-28 00:50:19.985553+00:00,0
fc0a87d3-b2bd-430a-a588-17cbe6434f24,anon_real_001,N73498,3,0.8815414,2026-01-28 00:50:19.985553+00:00,0
fc0a87d3-b2bd-430a-a588-17cbe6434f24,anon_real_001,N12308,4,0.841016,2026-01-28 00:50:19.985553+00:00,0
fc0a87d3-b2bd-430a-a588-17cbe6434f24,anon_real_001,N55545,5,0.81986153,2026-01-28 00:50:19.985553+00:00,0
fc0a87d3-b2bd-430a-a588-17cbe6434f24,anon_real_001,N54981,6,0.81086683,2026-01-28 00:50:19.985553+00:00,0
fc0a87d3-b2bd-430a-a588-17cbe6434f24,anon_real_001,N16803,7,0.8082869,2026-01-28 00:50:19.985553+00:00,0
fc0a87d3-b2bd-430a-a588-17cbe6434f24,anon_real_001,N36338,8,0.7943082,2026-01-28 00:50:19.985553+00:00,0
fc0a87d3-b2bd-430a-a588-17cbe6434f24,anon_real_001,N125941,9,0.7336918,2026-01-28 00:50:19.985553+00:00,0
fc0a87d3-b2bd-430a-a588-17cbe6434f24,anon_real_001,N45172,10,0.7155295,2026-01-28 00:50:19.985553+00:00,0
4d1b2c7b-e7ca-4b98-a4fc-ae4df412293a,anon_rankgen_003,N87853,1,0.82471466,2026-01-28 00:50:20.058631+00:00,0
4d1b2c7b-e7ca-4b98-a4fc-ae4df412293a,anon_rankgen_003,N81806,2,0.82471466,2026-01-28 00:50:20.058631+00:00,0
4d1b2c7b-e7ca-4b98-a4fc-ae4df412293a,anon_rankgen_003,N40041,3,0.79495126,2026-01-28 00:50:20.058631+00:00,1
4d1b2c7b-e7ca-4b98-a4fc-ae4df412293a,anon_rankgen_003,N51359,4,0.79239655,2026-01-28 00:50:20.058631+00:00,0
4d1b2c7b-e7ca-4b98-a4fc-ae4df412293a,anon_rankgen_003,N69379,5,0.78539467,2026-01-28 00:50:20.058631+00:00,0
4d1b2c7b-e7ca-4b98-a4fc-ae4df412293a,anon_rankgen_003,N46005,6,0.77559197,2026-01-28 00:50:20.058631+00:00,0
4d1b2c7b-e7ca-4b98-a4fc-ae4df412293a,anon_rankgen_003,N79033,7,0.75635475,2026-01-28 00:50:20.058631+00:00,0
4d1b2c7b-e7ca-4b98-a4fc-ae4df412293a,anon_rankgen_003,N71667,8,0.7432893,2026-01-28 00:50:20.058631+00:00,1
4d1b2c7b-e7ca-4b98-a4fc-ae4df412293a,anon_rankgen_003,N107473,9,0.73820853,2026-01-28 00:50:20.058631+00:00,0
4d1b2c7b-e7ca-4b98-a4fc-ae4df412293a,anon_rankgen_003,N61227,10,0.7377801,2026-01-28 00:50:20.058631+00:00,0
d933e136-d053-48fa-ac30-c9eeb0fe0084,anon_real_001,N31738,1,0.8994473,2026-01-28 00:50:20.328100+00:00,0
d933e136-d053-48fa-ac30-c9eeb0fe0084,anon_real_001,N8082,2,0.89846814,2026-01-28 00:50:20.328100+00:00,0
d933e136-d053-48fa-ac30-c9eeb0fe0084,anon_real_001,N73498,3,0.8815414,2026-01-28 00:50:20.328100+00:00,0
d933e136-d053-48fa-ac30-c9eeb0fe0084,anon_real_001,N12308,4,0.841016,2026-01-28 00:50:20.328100+00:00,0
d933e136-d053-48fa-ac30-c9eeb0fe0084,anon_real_001,N55545,5,0.81986153,2026-01-28 00:50:20.328100+00:00,0
d933e136-d053-48fa-ac30-c9eeb0fe0084,anon_real_001,N54981,6,0.81086683,2026-01-28 00:50:20.328100+00:00,1
d933e136-d053-48fa-ac30-c9eeb0fe0084,anon_real_001,N16803,7,0.8082869,2026-01-28 00:50:20.328100+00:00,0
d933e136-d053-48fa-ac30-c9eeb0fe0084,anon_real_001,N36338,8,0.7943082,2026-01-28 00:50:20.328100+00:00,0
d933e136-d053-48fa-ac30-c9eeb0fe0084,anon_real_001,N125941,9,0.7336918,2026-01-28 00:50:20.328100+00:00,0
d933e136-d053-48fa-ac30-c9eeb0fe0084,anon_real_001,N45172,10,0.7155295,2026-01-28 00:50:20.328100+00:00,0
bae962f7-7e69-439c-a8d1-edcf60660e30,anon_rankgen_002,N47784,1,0.85994965,2026-01-28 00:50:20.430593+00:00,0
bae962f7-7e69-439c-a8d1-edcf60660e30,anon_rankgen_002,N97938,2,0.73854816,2026-01-28 00:50:20.430593+00:00,0
bae962f7-7e69-439c-a8d1-edcf60660e30,anon_rankgen_002,N104347,3,0.7255533,2026-01-28 00:50:20.430593+00:00,1
bae962f7-7e69-439c-a8d1-edcf60660e30,anon_rankgen_002,N118930,4,0.71950614,2026-01-28 00:50:20.430593+00:00,0
bae962f7-7e69-439c-a8d1-edcf60660e30,anon_rankgen_002,N51509,5,0.7124393,2026-01-28 00:50:20.430593+00:00,0
bae962f7-7e69-439c-a8d1-edcf60660e30,anon_rankgen_002,N75290,6,0.70840216,2026-01-28 00:50:20.430593+00:00,0
bae962f7-7e69-439c-a8d1-edcf60660e30,anon_rankgen_002,N13379,7,0.70573914,2026-01-28 00:50:20.430593+00:00,0
bae962f7-7e69-439c-a8d1-edcf60660e30,anon_rankgen_002,N28648,8,0.6981202,2026-01-28 00:50:20.430593+00:00,0
bae962f7-7e69-439c-a8d1-edcf60660e30,anon_rankgen_002,N46896,9,0.69546044,2026-01-28 00:50:20.430593+00:00,0
bae962f7-7e69-439c-a8d1-edcf60660e30,anon_rankgen_002,N59324,10,0.6916635,2026-01-28 00:50:20.430593+00:00,0
50cc4f14-f308-4e4e-9d54-b754f42bf883,anon_rankgen_002,N47784,1,0.7967677,2026-01-28 00:50:20.789954+00:00,0
50cc4f14-f308-4e4e-9d54-b754f42bf883,anon_rankgen_002,N77634,2,0.79648775,2026-01-28 00:50:20.789954+00:00,0
50cc4f14-f308-4e4e-9d54-b754f42bf883,anon_rankgen_002,N97938,3,0.7396136,2026-01-28 00:50:20.789954+00:00,0
50cc4f14-f308-4e4e-9d54-b754f42bf883,anon_rankgen_002,N13379,4,0.71646404,2026-01-28 00:50:20.789954+00:00,0
50cc4f14-f308-4e4e-9d54-b754f42bf883,anon_rankgen_002,N75290,5,0.715187,2026-01-28 00:50:20.789954+00:00,0
50cc4f14-f308-4e4e-9d54-b754f42bf883,anon_rankgen_002,N51509,6,0.712036,2026-01-28 00:50:20.789954+00:00,0
50cc4f14-f308-4e4e-9d54-b754f42bf883,anon_rankgen_002,N29061,7,0.7083255,2026-01-28 00:50:20.789954+00:00,0
50cc4f14-f308-4e4e-9d54-b754f42bf883,anon_rankgen_002,N83198,8,0.69746816,2026-01-28 00:50:20.789954+00:00,0
50cc4f14-f308-4e4e-9d54-b754f42bf883,anon_rankgen_002,N44132,9,0.69384164,2026-01-28 00:50:20.789954+00:00,0
50cc4f14-f308-4e4e-9d54-b754f42bf883,anon_rankgen_002,N28648,10,0.6932705,2026-01-28 00:50:20.789954+00:00,0
1992d880-e2e4-43d4-b6a3-b96254696a89,anon_rankgen_002,N47784,1,0.7967677,2026-01-28 00:50:21.138573+00:00,0
1992d880-e2e4-43d4-b6a3-b96254696a89,anon_rankgen_002,N77634,2,0.79648775,2026-01-28 00:50:21.138573+00:00,0
1992d880-e2e4-43d4-b6a3-b96254696a89,anon_rankgen_002,N97938,3,0.7396136,2026-01-28 00:50:21.138573+00:00,0
1992d880-e2e4-43d4-b6a3-b96254696a89,anon_rankgen_002,N13379,4,0.71646404,2026-01-28 00:50:21.138573+00:00,0
1992d880-e2e4-43d4-b6a3-b96254696a89,anon_rankgen_002,N75290,5,0.715187,2026-01-28 00:50:21.138573+00:00,0
1992d880-e2e4-43d4-b6a3-b96254696a89,anon_rankgen_002,N51509,6,0.712036,2026-01-28 00:50:21.138573+00:00,0
1992d880-e2e4-43d4-b6a3-b96254696a89,anon_rankgen_002,N29061,7,0.7083255,2026-01-28 00:50:21.138573+00:00,0
1992d880-e2e4-43d4-b6a3-b96254696a89,anon_rankgen_002,N83198,8,0.69746816,2026-01-28 00:50:21.138573+00:00,0
1992d880-e2e4-43d4-b6a3-b96254696a89,anon_rankgen_002,N44132,9,0.69384164,2026-01-28 00:50:21.138573+00:00,0
1992d880-e2e4-43d4-b6a3-b96254696a89,anon_rankgen_002,N28648,10,0.6932705,2026-01-28 00:50:21.138573+00:00,0
